timestamp,bpm,temp_c,risk_score
2026-06-21T00:55:09.681359,0.0,23.99,0.5397
2026-06-21T00:55:09.825609,0.0,23.99,0.5397
2026-06-21T00:55:09.953350,0.0,23.99,0.5397
2026-06-21T00:55:10.088993,0.0,23.99,0.5397
2026-06-21T00:55:10.215776,0.0,23.99,0.5397
2026-06-21T00:55:10.340683,0.0,23.99,0.5397
2026-06-21T00:55:10.472044,0.0,23.99,0.5397
2026-06-21T00:55:10.604702,0.0,23.99,0.5397
2026-06-21T00:55:10.733072,0.0,23.99,0.5397
2026-06-21T00:55:10.862137,0.0,23.99,0.5397
2026-06-21T00:55:10.993217,0.0,23.99,0.5397
2026-06-21T00:55:11.131819,0.0,23.99,0.5397
2026-06-21T00:55:11.262681,0.0,23.99,0.5397
2026-06-21T00:55:11.397581,0.0,23.99,0.5397
2026-06-21T00:55:11.526824,0.0,23.99,0.5397
2026-06-21T00:55:11.657699,0.0,23.99,0.5397
2026-06-21T00:55:11.791020,0.0,23.99,0.5397
2026-06-21T00:55:11.925107,0.0,23.99,0.5397
2026-06-21T00:55:12.055456,0.0,23.99,0.5397
2026-06-21T00:55:12.185534,0.0,23.99,0.5397
2026-06-21T00:55:12.318081,0.0,23.99,0.5397
2026-06-21T00:55:12.471475,0.0,23.99,0.5397
2026-06-21T00:55:12.617477,0.0,23.99,0.5397
2026-06-21T00:55:12.755054,0.0,23.99,0.5397
2026-06-21T00:55:12.886732,0.0,23.99,0.5397
2026-06-21T00:55:13.020391,0.0,23.99,0.5397
2026-06-21T00:55:13.157661,0.0,23.99,0.5397
2026-06-21T00:55:13.294416,0.0,23.99,0.5397
2026-06-21T00:55:13.436284,0.0,23.99,0.5397
2026-06-21T00:55:13.581348,0.0,23.99,0.5397
2026-06-21T00:55:13.731566,0.0,23.99,0.5397
2026-06-21T00:55:13.871171,0.0,23.99,0.5397
2026-06-21T00:55:14.020388,0.0,23.99,0.5397
2026-06-21T00:55:14.149605,0.0,23.99,0.5397
2026-06-21T00:55:14.286711,0.0,23.99,0.5397
2026-06-21T00:55:14.421588,0.0,23.99,0.5397
2026-06-21T00:55:14.550348,0.0,23.99,0.5397
2026-06-21T00:55:14.691348,0.0,23.99,0.5397
2026-06-21T00:55:14.829948,0.0,23.99,0.5397
2026-06-21T00:55:14.971493,0.0,23.99,0.5397
2026-06-21T00:55:15.110270,0.0,23.99,0.5397
2026-06-21T00:55:15.247674,0.0,23.99,0.5397
2026-06-21T00:55:15.386686,0.0,23.99,0.5397
2026-06-21T00:55:15.513269,0.0,23.99,0.5397
2026-06-21T00:55:15.646835,0.0,23.99,0.5397
2026-06-21T00:55:15.773714,0.0,23.99,0.5397
2026-06-21T00:55:15.904088,0.0,23.99,0.5397
2026-06-21T00:55:16.031452,0.0,23.99,0.5397
2026-06-21T00:55:16.164030,0.0,23.99,0.5397
2026-06-21T00:55:16.296371,0.0,23.99,0.5397
2026-06-21T00:55:16.425589,0.0,23.99,0.5397
2026-06-21T00:55:16.562559,0.0,23.99,0.5397
2026-06-21T00:55:16.702418,0.0,23.99,0.5397
2026-06-21T00:55:16.850982,0.0,23.99,0.5397
2026-06-21T00:55:16.976437,0.0,23.99,0.5397
2026-06-21T00:55:17.108392,0.0,23.99,0.5397
2026-06-21T00:55:17.244151,0.0,23.99,0.5397
2026-06-21T00:55:17.385269,0.0,23.99,0.5397
2026-06-21T00:55:17.515517,0.0,23.99,0.5397
2026-06-21T00:55:17.641595,0.0,23.99,0.5397
2026-06-21T00:55:17.779510,0.0,23.99,0.5397
2026-06-21T00:55:17.911883,0.0,23.99,0.5397
2026-06-21T00:55:18.048016,0.0,23.99,0.5397
2026-06-21T00:55:18.181619,0.0,23.99,0.5397
2026-06-21T00:55:18.309477,0.0,23.99,0.5397
2026-06-21T00:55:18.442752,0.0,23.99,0.5397
2026-06-21T00:55:18.570663,0.0,23.99,0.5397
2026-06-21T00:55:18.701311,0.0,23.99,0.5397
2026-06-21T00:55:18.840377,0.0,23.99,0.5397
2026-06-21T00:55:18.975629,0.0,23.99,0.5397
2026-06-21T00:55:19.112324,0.0,23.99,0.5397
2026-06-21T00:55:19.254877,0.0,23.99,0.5397
2026-06-21T00:55:19.410201,0.0,23.99,0.5397
2026-06-21T00:55:19.589296,0.0,23.99,0.5397
2026-06-21T00:55:19.725505,0.0,23.99,0.5397
2026-06-21T00:55:19.864978,0.0,23.99,0.5397
2026-06-21T00:55:20.016863,0.0,23.99,0.5397
2026-06-21T00:55:20.152482,0.0,23.99,0.5397
2026-06-21T00:55:20.286973,0.0,23.99,0.5397
2026-06-21T00:55:20.417965,0.0,23.99,0.5397
2026-06-21T00:55:20.554218,0.0,23.99,0.5397
2026-06-21T00:55:20.713653,0.0,23.99,0.5397
2026-06-21T00:55:20.849982,0.0,23.99,0.5397
2026-06-21T00:55:20.979919,0.0,23.99,0.5397
2026-06-21T00:55:21.115391,0.0,23.99,0.5397
2026-06-21T00:55:21.243882,0.0,23.99,0.5397
2026-06-21T00:55:21.382322,0.0,23.99,0.5397
2026-06-21T00:55:21.511619,0.0,23.99,0.5397
2026-06-21T00:55:21.652441,0.0,23.99,0.5397
2026-06-21T00:55:21.786537,0.0,23.99,0.5397
2026-06-21T00:55:21.917626,0.0,23.99,0.5397
2026-06-21T00:55:22.053273,0.0,23.99,0.5397
2026-06-21T00:55:22.184719,0.0,23.99,0.5397
2026-06-21T00:55:22.317132,0.0,23.99,0.5397
2026-06-21T00:55:22.449116,0.0,23.99,0.5397
2026-06-21T00:55:22.601886,0.0,23.99,0.5397
2026-06-21T00:55:22.738109,0.0,23.99,0.5397
2026-06-21T00:55:22.873889,0.0,23.99,0.5397
2026-06-21T00:55:23.004033,0.0,23.99,0.5397
2026-06-21T00:55:23.139369,0.0,23.99,0.5397
2026-06-21T00:55:23.281550,0.0,23.99,0.5397
2026-06-21T00:55:23.411996,0.0,23.99,0.5397
2026-06-21T00:55:23.549365,0.0,23.99,0.5397
2026-06-21T00:55:23.686813,0.0,23.99,0.5397
2026-06-21T00:55:23.835737,0.0,23.99,0.5397
2026-06-21T00:55:23.963356,0.0,23.99,0.5397
2026-06-21T00:55:24.114581,0.0,23.99,0.5397
2026-06-21T00:55:24.255579,0.0,23.99,0.5397
2026-06-21T00:55:24.385760,0.0,23.99,0.5397
2026-06-21T00:55:24.523682,0.0,23.99,0.5397
2026-06-21T00:55:24.654018,0.0,23.99,0.5397
2026-06-21T00:55:24.799455,0.0,23.99,0.5397
2026-06-21T00:55:24.941073,0.0,23.99,0.5397
2026-06-21T00:55:25.083946,0.0,23.99,0.5397
2026-06-21T00:55:25.234428,0.0,23.99,0.5397
2026-06-21T00:55:25.373244,0.0,23.99,0.5397
2026-06-21T00:55:25.522705,0.0,23.99,0.5397
2026-06-21T00:55:25.655053,0.0,23.99,0.5397
2026-06-21T00:55:25.784038,0.0,23.99,0.5397
2026-06-21T00:55:25.916918,0.0,23.99,0.5397
2026-06-21T00:55:26.067196,0.0,23.99,0.5397
2026-06-21T00:55:26.198199,0.0,23.99,0.5397
2026-06-21T00:55:26.343454,0.0,23.99,0.5397
2026-06-21T00:55:26.474739,0.0,23.99,0.5397
2026-06-21T00:55:26.608671,0.0,23.99,0.5397
2026-06-21T00:55:26.736690,0.0,23.99,0.5397
2026-06-21T00:55:26.873422,0.0,23.99,0.5397
2026-06-21T00:55:27.007717,0.0,23.99,0.5397
2026-06-21T00:55:27.148202,0.0,23.99,0.5397
2026-06-21T00:55:27.274676,0.0,23.99,0.5397
2026-06-21T00:55:27.412702,0.0,23.99,0.5397
2026-06-21T00:55:27.553695,0.0,23.99,0.5397
2026-06-21T00:55:27.688226,0.0,23.99,0.5397
2026-06-21T00:55:27.816460,0.0,23.99,0.5397
2026-06-21T00:55:27.951155,0.0,23.99,0.5397
2026-06-21T00:55:28.088919,0.0,23.99,0.5397
2026-06-21T00:55:28.220297,0.0,23.99,0.5397
2026-06-21T00:55:28.360352,0.0,23.99,0.5397
2026-06-21T00:55:28.508406,0.0,23.99,0.5397
2026-06-21T00:55:28.638346,0.0,23.99,0.5397
2026-06-21T00:55:28.769827,0.0,23.99,0.5397
2026-06-21T00:55:28.905478,0.0,23.99,0.5397
2026-06-21T00:55:29.029922,0.0,23.99,0.5397
2026-06-21T00:55:29.158616,0.0,23.99,0.5397
2026-06-21T00:55:29.289737,0.0,23.99,0.5397
2026-06-21T00:55:29.422649,0.0,23.99,0.5397
2026-06-21T00:55:29.560736,0.0,23.99,0.5397
2026-06-21T00:55:29.692265,0.0,23.99,0.5397
2026-06-21T00:55:29.822433,0.0,23.99,0.5397
2026-06-21T00:55:29.954248,0.0,23.99,0.5397
2026-06-21T00:55:30.088486,0.0,23.99,0.5397
2026-06-21T00:55:30.223411,0.0,23.99,0.5397
2026-06-21T00:55:30.392321,0.0,23.99,0.5397
2026-06-21T00:55:30.527293,0.0,23.99,0.5397
2026-06-21T00:55:30.665451,0.0,23.99,0.5397
2026-06-21T00:55:30.795053,0.0,23.99,0.5397
2026-06-21T00:55:30.920465,0.0,23.99,0.5397
2026-06-21T00:55:31.046725,0.0,23.99,0.5397
2026-06-21T00:55:31.176394,0.0,23.99,0.5397
2026-06-21T00:55:31.303510,0.0,23.99,0.5397
2026-06-21T00:55:31.431913,0.0,23.99,0.5397
2026-06-21T00:55:31.572295,0.0,23.99,0.5397
2026-06-21T00:55:31.704726,0.0,23.99,0.5397
2026-06-21T00:55:31.846517,0.0,23.99,0.5397
2026-06-21T00:55:31.977703,0.0,23.99,0.5397
2026-06-21T00:55:32.114104,0.0,23.99,0.5397
2026-06-21T00:55:32.245636,0.0,23.99,0.5397
2026-06-21T00:55:32.369609,0.0,23.99,0.5397
2026-06-21T00:55:32.496905,0.0,23.99,0.5397
2026-06-21T00:55:32.624481,0.0,23.99,0.5397
2026-06-21T00:55:32.763228,0.0,23.99,0.5397
2026-06-21T00:55:32.898924,0.0,23.99,0.5397
2026-06-21T00:55:33.040235,0.0,23.99,0.5397
2026-06-21T00:55:33.184025,0.0,23.99,0.5397
2026-06-21T00:55:33.312032,0.0,23.99,0.5397
2026-06-21T00:55:33.436352,0.0,23.99,0.5397
2026-06-21T00:55:33.559960,0.0,23.99,0.5397
2026-06-21T00:55:33.685340,0.0,23.99,0.5397
2026-06-21T00:55:33.815853,0.0,23.99,0.5397
2026-06-21T00:55:33.942254,0.0,23.99,0.5397
2026-06-21T00:55:34.067734,0.0,23.99,0.5397
2026-06-21T00:55:34.197524,0.0,23.99,0.5397
2026-06-21T00:55:34.316576,0.0,23.99,0.5397
2026-06-21T00:55:34.457515,0.0,23.99,0.5397
2026-06-21T00:55:34.587092,0.0,23.99,0.5397
2026-06-21T00:55:34.709846,0.0,23.99,0.5397
2026-06-21T00:55:34.838782,0.0,23.99,0.5397
2026-06-21T00:55:34.968051,0.0,23.99,0.5397
2026-06-21T00:55:35.110182,0.0,23.99,0.5397
2026-06-21T00:55:35.239788,0.0,23.99,0.5397
2026-06-21T00:55:35.372090,0.0,23.99,0.5397
2026-06-21T00:55:35.498310,0.0,23.99,0.5397
2026-06-21T00:55:35.628441,0.0,23.99,0.5397
2026-06-21T00:55:35.758699,0.0,23.99,0.5397
2026-06-21T00:55:35.883457,0.0,23.99,0.5397
2026-06-21T00:55:36.015233,0.0,23.99,0.5397
2026-06-21T00:55:36.155167,0.0,23.99,0.5397
2026-06-21T00:55:36.289366,0.0,23.99,0.5397
2026-06-21T00:55:36.421365,0.0,23.99,0.5397
2026-06-21T00:55:36.550311,0.0,23.99,0.5397
2026-06-21T00:55:36.676934,0.0,23.99,0.5397
2026-06-21T00:55:36.807482,0.0,23.99,0.5397
2026-06-21T00:55:36.934435,0.0,23.99,0.5397
2026-06-21T00:55:37.061936,0.0,23.99,0.5397
2026-06-21T00:55:37.189804,0.0,23.99,0.5397
2026-06-21T00:55:37.317232,0.0,23.99,0.5397
2026-06-21T00:55:37.449434,0.0,23.99,0.5397
2026-06-21T00:55:37.615116,0.0,23.99,0.5397
2026-06-21T00:55:37.778648,0.0,23.99,0.5397
2026-06-21T00:55:37.956526,0.0,23.99,0.5397
2026-06-21T00:55:38.091975,0.0,23.99,0.5397
2026-06-21T00:55:38.221167,0.0,23.99,0.5397
2026-06-21T00:55:38.351016,0.0,23.99,0.5397
2026-06-21T00:55:38.491837,0.0,23.99,0.5397
2026-06-21T00:55:38.629589,0.0,23.99,0.5397
2026-06-21T00:55:38.760399,0.0,23.99,0.5397
2026-06-21T00:55:38.888849,0.0,23.99,0.5397
2026-06-21T00:55:39.014730,0.0,23.99,0.5397
2026-06-21T00:55:39.141358,0.0,23.99,0.5397
2026-06-21T00:55:39.772260,150.0,23.85,0.633
2026-06-21T00:55:42.770627,384.0,23.66,0.633
2026-06-21T00:55:47.772925,100.0,23.44,0.633
2026-06-21T00:55:57.781430,91110.0,23.18,0.633
2026-06-21T00:57:44.064203,0.0,2000000000.0,0.633
2026-06-21T00:57:50.780772,0.0,24.13,0.633
2026-06-21T00:58:10.776407,0.0,24.23,0.633
2026-06-21T00:59:06.792329,0.0,24.4,0.633
2026-06-21T01:00:03.784505,0.0,24.44,0.633
2026-06-21T01:00:13.762653,0.0,24.32,0.6283
2026-06-21T01:01:08.754298,0.0,24.54,0.6283
2026-06-21T01:01:10.749885,0.0,24.45,0.6283
2026-06-21T01:01:15.753634,0.0,24.15,0.6283
2026-06-21T01:02:53.947217,0.0,20000.0,0.535
2026-06-21T01:03:45.778016,0.0,24.54,0.549
2026-06-21T01:04:15.907114,0.0,0.0,0.549
2026-06-21T01:06:12.760751,0.0,24.66,0.549
2026-06-21T01:19:22.088170,0.0,23.48,0.5397
2026-06-21T01:19:22.222139,0.0,23.48,0.5397
2026-06-21T01:19:22.363444,0.0,23.48,0.5397
2026-06-21T01:19:22.497688,0.0,23.48,0.5397
2026-06-21T01:19:22.631606,0.0,23.48,0.5397
2026-06-21T01:19:22.777589,0.0,23.48,0.5397
2026-06-21T01:19:22.910988,0.0,23.48,0.5397
2026-06-21T01:19:23.044450,0.0,23.48,0.5397
2026-06-21T01:19:23.176080,0.0,23.48,0.5397
2026-06-21T01:19:23.315602,0.0,23.48,0.5397
2026-06-21T01:19:23.452735,0.0,23.48,0.5397
2026-06-21T01:19:23.598638,0.0,23.48,0.5397
2026-06-21T01:19:23.727670,0.0,23.48,0.5397
2026-06-21T01:19:23.858608,0.0,23.48,0.5397
2026-06-21T01:19:23.989783,0.0,23.48,0.5397
2026-06-21T01:19:24.136085,0.0,23.48,0.5397
2026-06-21T01:19:24.267039,0.0,23.48,0.5397
2026-06-21T01:19:24.396640,0.0,23.48,0.5397
2026-06-21T01:19:24.536066,0.0,23.48,0.5397
2026-06-21T01:19:24.666603,0.0,23.48,0.5397
2026-06-21T01:19:24.795473,0.0,23.48,0.5397
2026-06-21T01:19:24.922889,0.0,23.48,0.5397
2026-06-21T01:19:25.054992,0.0,23.48,0.5397
2026-06-21T01:19:25.191589,0.0,23.48,0.5397
2026-06-21T01:19:25.380227,0.0,23.48,0.5397
2026-06-21T01:19:25.518225,0.0,23.48,0.5397
2026-06-21T01:19:25.654032,0.0,23.48,0.5397
2026-06-21T01:19:25.785183,0.0,23.48,0.5397
2026-06-21T01:19:25.921259,0.0,23.48,0.5397
2026-06-21T01:19:26.049731,0.0,23.48,0.5397
2026-06-21T01:19:26.174927,0.0,23.48,0.5397
2026-06-21T01:19:26.306907,0.0,23.48,0.5397
2026-06-21T01:19:26.434710,0.0,23.48,0.5397
2026-06-21T01:19:26.567372,0.0,23.48,0.5397
2026-06-21T01:19:26.692588,0.0,23.48,0.5397
2026-06-21T01:19:26.819019,0.0,23.48,0.5397
2026-06-21T01:19:26.953204,0.0,23.48,0.5397
2026-06-21T01:19:27.094140,0.0,23.48,0.5397
2026-06-21T01:19:27.222691,0.0,23.48,0.5397
2026-06-21T01:19:27.347226,0.0,23.48,0.5397
2026-06-21T01:19:27.477620,0.0,23.48,0.5397
2026-06-21T01:19:27.606394,0.0,23.48,0.5397
2026-06-21T01:19:27.744795,0.0,23.48,0.5397
2026-06-21T01:19:27.876638,0.0,23.48,0.5397
2026-06-21T01:19:28.012129,0.0,23.48,0.5397
2026-06-21T01:19:28.143832,0.0,23.48,0.5397
2026-06-21T01:19:28.271318,0.0,23.48,0.5397
2026-06-21T01:19:28.402092,0.0,23.48,0.5397
2026-06-21T01:19:28.530864,0.0,23.48,0.5397
2026-06-21T01:19:28.662718,0.0,23.48,0.5397
2026-06-21T01:19:28.786510,0.0,23.48,0.5397
2026-06-21T01:19:28.911754,0.0,23.48,0.5397
2026-06-21T01:19:29.049422,0.0,23.48,0.5397
2026-06-21T01:19:29.186721,0.0,23.48,0.5397
2026-06-21T01:19:29.319330,0.0,23.48,0.5397
2026-06-21T01:19:29.449775,0.0,23.48,0.5397
2026-06-21T01:19:29.577579,0.0,23.48,0.5397
2026-06-21T01:19:29.708113,0.0,23.48,0.5397
2026-06-21T01:19:29.842734,0.0,23.47,0.5397
2026-06-21T01:19:29.974776,0.0,23.42,0.5397
2026-06-21T01:19:30.108868,0.0,23.52,0.5397
2026-06-21T01:19:30.243085,0.0,23.53,0.5397
2026-06-21T01:19:30.382181,0.0,23.5,0.5397
2026-06-21T01:19:30.512114,0.0,23.7,0.5397
2026-06-21T01:19:30.640764,0.0,23.59,0.5397
2026-06-21T01:19:30.771222,0.0,23.57,0.5397
2026-06-21T01:19:30.901533,0.0,23.63,0.5397
2026-06-21T01:19:31.035955,0.0,23.52,0.5397
2026-06-21T01:19:31.160501,0.0,23.57,0.5397
2026-06-21T01:19:31.298179,0.0,23.6,0.5397
2026-06-21T01:19:31.444668,0.0,23.65,0.5397
2026-06-21T01:19:31.573282,110.0,23.64,0.633
2026-06-21T01:19:31.700511,32.0,23.23,0.633
2026-06-21T01:19:31.823829,61.0,23.34,0.633
2026-06-21T01:19:32.740537,61.0,23.46,0.633
2026-06-21T01:19:33.745986,39.0,23.36,0.633
2026-06-21T01:19:34.738270,65.0,22.96,0.633
2026-06-21T01:19:35.741312,65.0,23.02,0.633
2026-06-21T01:19:36.721214,65.0,23.12,0.633
2026-06-21T01:19:37.756430,0.0,23.25,0.633
2026-06-21T01:19:38.738760,0.0,23.02,0.633
2026-06-21T01:19:39.735194,0.0,22.85,0.633
2026-06-21T01:19:40.767467,0.0,22.97,0.633
2026-06-21T01:19:41.729997,0.0,22.74,0.633
2026-06-21T01:19:42.745091,0.0,22.72,0.633
2026-06-21T01:19:43.739155,0.0,22.76,0.633
2026-06-21T01:19:44.739288,0.0,22.71,0.633
2026-06-21T01:19:45.737419,0.0,22.71,0.633
2026-06-21T01:19:46.721926,0.0,22.86,0.5397
2026-06-21T01:19:47.743590,0.0,22.61,0.5397
2026-06-21T01:19:48.744174,0.0,22.6,0.5397
2026-06-21T01:19:49.746146,0.0,22.64,0.5397
2026-06-21T01:19:50.780409,0.0,22.72,0.5397
2026-06-21T01:19:51.727658,0.0,22.58,0.5397
2026-06-21T01:19:52.745757,0.0,22.72,0.5397
2026-06-21T01:19:53.744866,0.0,22.61,0.5397
2026-06-21T01:19:54.734256,0.0,22.59,0.5397
2026-06-21T01:19:55.750734,0.0,22.71,0.5397
2026-06-21T01:19:56.728572,0.0,22.63,0.5397
2026-06-21T01:19:57.740436,0.0,22.82,0.5397
2026-06-21T01:19:58.746189,0.0,22.62,0.5397
2026-06-21T01:19:59.739953,0.0,22.62,0.5397
2026-06-21T01:20:00.739305,0.0,22.57,0.5397
2026-06-21T01:20:01.728226,0.0,22.55,0.5397
2026-06-21T01:20:02.744518,0.0,22.6,0.5397
2026-06-21T01:20:03.730887,0.0,22.49,0.5397
2026-06-21T01:20:04.775471,0.0,22.63,0.5397
2026-06-21T01:20:05.749809,0.0,22.37,0.5397
2026-06-21T01:20:06.719012,0.0,22.49,0.5397
2026-06-21T01:20:07.790415,0.0,22.48,0.5397
2026-06-21T01:20:08.741496,0.0,22.39,0.5397
2026-06-21T01:20:09.721611,0.0,22.44,0.5397
2026-06-21T01:20:10.755376,0.0,22.45,0.5397
2026-06-21T01:20:11.728885,0.0,22.46,0.5397
2026-06-21T01:20:12.745272,0.0,22.69,0.5397
2026-06-21T01:20:13.744460,0.0,22.28,0.5397
2026-06-21T01:20:14.731158,0.0,22.55,0.5397
2026-06-21T01:20:15.754446,0.0,22.52,0.5397
2026-06-21T01:20:16.731648,0.0,22.37,0.5397
2026-06-21T01:20:17.745555,0.0,22.59,0.5397
2026-06-21T01:20:18.740024,0.0,22.52,0.5397
2026-06-21T01:20:19.723217,0.0,22.52,0.5397
2026-06-21T01:20:20.740225,0.0,22.44,0.5397
2026-06-21T01:20:21.735102,0.0,22.44,0.5397
2026-06-21T01:20:22.718491,0.0,22.39,0.5397
2026-06-21T01:20:23.737086,0.0,22.48,0.5397
2026-06-21T01:20:24.739447,0.0,22.41,0.5397
2026-06-21T01:20:25.745728,0.0,22.55,0.5397
2026-06-21T01:20:26.736539,0.0,22.3,0.5397
2026-06-21T01:20:27.744171,0.0,22.27,0.5397
2026-06-21T01:20:28.734241,0.0,22.19,0.5397
2026-06-21T01:20:29.732997,0.0,22.16,0.5397
2026-06-21T01:20:30.744288,0.0,22.26,0.5397
2026-06-21T01:20:31.730945,0.0,22.27,0.5397
2026-06-21T01:20:32.732426,0.0,22.25,0.5397
2026-06-21T01:20:33.747553,0.0,22.11,0.5397
2026-06-21T01:20:34.732568,0.0,22.25,0.5397
2026-06-21T01:20:35.728772,0.0,22.15,0.5397
2026-06-21T01:20:36.744613,0.0,22.23,0.5397
2026-06-21T01:20:37.730006,0.0,21.88,0.5397
2026-06-21T01:20:38.734820,0.0,22.12,0.5397
2026-06-21T01:20:39.732671,0.0,22.1,0.5397
2026-06-21T01:20:40.727487,0.0,22.05,0.5397
2026-06-21T01:20:41.753056,0.0,21.88,0.5397
2026-06-21T01:20:42.746214,0.0,21.97,0.5397
2026-06-21T01:20:43.739859,0.0,21.99,0.5397
2026-06-21T01:20:44.781832,0.0,21.83,0.5397
2026-06-21T01:20:45.738365,0.0,21.91,0.5397
2026-06-21T01:20:46.756822,0.0,21.84,0.5397
2026-06-21T01:20:47.737119,0.0,21.88,0.5397
2026-06-21T01:20:48.728096,0.0,21.81,0.5397
2026-06-21T01:20:49.839352,0.0,21.73,0.5397
2026-06-21T01:20:50.738099,0.0,21.99,0.5397
2026-06-21T01:20:51.768282,0.0,21.75,0.5397
2026-06-21T01:20:52.749052,0.0,21.75,0.5397
2026-06-21T01:20:53.748788,0.0,21.84,0.5397
2026-06-21T01:20:54.749828,0.0,21.7,0.5397
2026-06-21T01:20:55.739441,0.0,21.8,0.5397
2026-06-21T01:20:56.738497,0.0,21.77,0.5397
2026-06-21T01:20:57.732484,0.0,21.76,0.5397
2026-06-21T01:20:58.737157,0.0,21.73,0.5397
2026-06-21T01:20:59.723720,0.0,21.95,0.5397
2026-06-21T01:21:00.735746,0.0,21.59,0.5397
2026-06-21T01:21:01.734235,0.0,21.72,0.5397
2026-06-21T01:21:02.723077,0.0,21.74,0.5397
2026-06-21T01:21:03.730534,0.0,21.58,0.5397
2026-06-21T01:21:04.737230,0.0,21.76,0.5397
2026-06-21T01:21:05.766790,0.0,21.74,0.5397
2026-06-21T01:21:06.710642,0.0,21.78,0.5397
2026-06-21T01:21:07.762385,0.0,21.72,0.5397
2026-06-21T01:21:08.744738,0.0,21.71,0.5397
2026-06-21T01:21:09.727923,0.0,21.64,0.5397
2026-06-21T01:21:10.717054,0.0,21.68,0.5397
2026-06-21T01:21:11.716536,0.0,21.57,0.5397
2026-06-21T01:21:12.742669,0.0,21.52,0.5397
2026-06-21T01:21:13.745911,0.0,21.71,0.5397
2026-06-21T01:21:14.721020,0.0,21.82,0.5397
2026-06-21T01:21:15.741811,0.0,21.49,0.5397
2026-06-21T01:21:16.734325,0.0,21.65,0.5397
2026-06-21T01:21:17.731718,0.0,21.65,0.5397
2026-06-21T01:21:18.738976,0.0,21.59,0.5397
2026-06-21T01:21:19.733155,0.0,21.65,0.5397
2026-06-21T01:21:20.735243,0.0,21.58,0.5397
2026-06-21T01:21:21.732956,0.0,21.75,0.5397
2026-06-21T01:21:22.739361,0.0,21.65,0.5397
2026-06-21T01:21:23.735702,0.0,21.72,0.5397
2026-06-21T01:21:24.743199,0.0,21.58,0.5397
2026-06-21T01:21:25.749759,0.0,21.71,0.5397
2026-06-21T01:21:26.767595,0.0,21.67,0.5397
2026-06-21T01:21:27.740921,0.0,21.86,0.5397
2026-06-21T01:21:28.731439,0.0,21.81,0.5397
2026-06-21T01:21:29.740542,0.0,21.77,0.5397
2026-06-21T01:21:30.742350,0.0,21.88,0.5397
2026-06-21T01:21:31.735297,0.0,21.77,0.5397
2026-06-21T01:21:32.744068,0.0,21.8,0.5397
2026-06-21T01:21:33.743442,0.0,21.83,0.5397
2026-06-21T01:21:34.742027,0.0,21.93,0.5397
2026-06-21T01:21:35.731989,0.0,21.72,0.5397
2026-06-21T01:21:36.733957,0.0,21.89,0.5397
2026-06-21T01:21:37.738259,0.0,21.68,0.5397
2026-06-21T01:21:38.739656,0.0,21.9,0.5397
2026-06-21T01:21:39.738164,0.0,21.72,0.5397
2026-06-21T01:21:40.738332,0.0,21.99,0.5397
2026-06-21T01:21:41.739395,0.0,21.61,0.5397
2026-06-21T01:21:42.734933,0.0,21.64,0.5397
2026-06-21T01:21:43.737694,0.0,21.75,0.5397
2026-06-21T01:21:44.739122,0.0,21.67,0.5397
2026-06-21T01:21:45.735107,0.0,21.68,0.5397
2026-06-21T01:21:46.731615,0.0,21.62,0.5397
2026-06-21T01:21:47.739987,0.0,21.66,0.5397
2026-06-21T01:21:48.732993,0.0,21.74,0.5397
2026-06-21T01:21:49.747940,0.0,21.6,0.5397
2026-06-21T01:21:50.734354,0.0,21.51,0.5397
2026-06-21T01:21:51.730987,0.0,21.54,0.5397
2026-06-21T01:21:52.744900,0.0,21.54,0.5397
2026-06-21T01:21:53.737637,0.0,21.51,0.5397
2026-06-21T01:21:54.736381,0.0,21.56,0.5397
2026-06-21T01:21:55.769297,0.0,21.52,0.5397
2026-06-21T01:21:56.735140,0.0,21.42,0.5397
2026-06-21T01:21:57.741185,0.0,21.53,0.5397
2026-06-21T01:21:58.738589,0.0,21.44,0.5397
2026-06-21T01:21:59.736192,0.0,21.46,0.5397
2026-06-21T01:22:00.738203,0.0,21.34,0.5397
2026-06-21T01:22:01.737999,0.0,21.53,0.5397
2026-06-21T01:22:02.743519,0.0,21.53,0.5397
2026-06-21T01:22:03.744763,0.0,21.56,0.5397
2026-06-21T01:22:04.742694,0.0,21.64,0.5397
2026-06-21T01:22:05.734352,0.0,21.44,0.5397
2026-06-21T01:22:06.734255,0.0,21.6,0.5397
2026-06-21T01:22:07.733665,0.0,21.51,0.5397
2026-06-21T01:22:08.840989,0.0,21.5,0.5397
2026-06-21T01:22:09.743266,0.0,21.57,0.5397
2026-06-21T01:22:10.718407,0.0,21.62,0.5397
2026-06-21T01:22:11.741626,0.0,21.49,0.5397
2026-06-21T01:22:12.725857,0.0,21.71,0.5397
2026-06-21T01:22:13.722134,0.0,21.49,0.5397
2026-06-21T01:22:14.728990,0.0,21.76,0.5397
2026-06-21T01:22:15.720049,0.0,21.54,0.5397
2026-06-21T01:22:16.745301,0.0,21.58,0.5397
2026-06-21T01:22:17.808683,0.0,21.57,0.5397
2026-06-21T01:22:18.767561,0.0,21.71,0.5397
2026-06-21T01:22:19.744858,0.0,21.38,0.5397
2026-06-21T01:22:20.742126,0.0,21.51,0.5397
2026-06-21T01:22:21.731418,0.0,21.53,0.5397
2026-06-21T01:22:22.720954,0.0,21.68,0.5397
2026-06-21T01:22:23.759316,0.0,21.56,0.5397
2026-06-21T01:22:24.740143,0.0,21.64,0.5397
2026-06-21T01:22:25.737325,0.0,21.6,0.5397
2026-06-21T01:22:26.730132,0.0,21.79,0.5397
2026-06-21T01:22:27.731916,0.0,21.82,0.5397
2026-06-21T01:22:28.738043,0.0,21.88,0.5373
2026-06-21T01:22:29.733472,0.0,21.68,0.5397
2026-06-21T01:22:30.735789,0.0,21.8,0.5397
2026-06-21T01:22:31.738692,0.0,21.84,0.5397
2026-06-21T01:22:32.724294,0.0,21.76,0.5397
2026-06-21T01:22:33.740499,0.0,21.95,0.5397
2026-06-21T01:22:34.742902,0.0,21.88,0.5397
2026-06-21T01:22:35.733083,0.0,21.79,0.5397
2026-06-21T01:22:36.735791,0.0,21.83,0.5397
2026-06-21T01:22:37.738566,0.0,21.91,0.5397
2026-06-21T01:22:38.742575,0.0,21.8,0.5397
2026-06-21T01:22:39.731698,0.0,21.78,0.5397
2026-06-21T01:22:40.738427,0.0,21.91,0.5397
2026-06-21T01:22:41.732765,88.0,21.91,0.633
2026-06-21T01:22:42.735626,61.0,21.93,0.633
2026-06-21T01:22:43.732951,61.0,22.07,0.633
2026-06-21T01:22:44.772573,67.0,22.03,0.633
2026-06-21T01:22:45.726470,67.0,22.06,0.633
2026-06-21T01:22:46.731030,117.0,22.01,0.633
2026-06-21T01:22:47.737963,117.0,22.01,0.633
2026-06-21T01:22:48.737502,133.0,22.1,0.633
2026-06-21T01:22:49.797357,122.0,22.17,0.633
2026-06-21T01:22:50.757447,122.0,22.24,0.633
2026-06-21T01:22:51.738343,122.0,22.01,0.633
2026-06-21T01:22:52.740365,0.0,22.16,0.633
2026-06-21T01:22:53.847419,0.0,22.1,0.633
2026-06-21T01:22:54.716968,0.0,21.78,0.633
2026-06-21T01:22:55.743336,0.0,21.84,0.633
2026-06-21T01:22:56.737083,0.0,21.86,0.633
2026-06-21T01:22:57.735556,0.0,21.91,0.633
2026-06-21T01:22:58.729885,0.0,21.83,0.633
2026-06-21T01:22:59.727433,0.0,22.01,0.633
2026-06-21T01:23:00.743810,0.0,21.94,0.633
2026-06-21T01:23:01.728367,0.0,22.01,0.5397
2026-06-21T01:23:02.741357,0.0,22.01,0.5397
2026-06-21T01:23:03.726246,0.0,21.97,0.5397
2026-06-21T01:23:04.740405,0.0,21.92,0.5397
2026-06-21T01:23:05.732896,0.0,21.87,0.5397
2026-06-21T01:23:06.729014,0.0,21.8,0.5397
2026-06-21T01:23:07.736299,0.0,21.72,0.5397
2026-06-21T01:23:08.733257,0.0,21.76,0.5397
2026-06-21T01:23:09.735431,0.0,21.79,0.5397
2026-06-21T01:23:10.734965,0.0,22.05,0.5397
2026-06-21T01:23:11.739868,0.0,21.78,0.5397
2026-06-21T01:23:12.740069,0.0,21.75,0.5397
2026-06-21T01:23:13.733995,0.0,21.73,0.5397
2026-06-21T01:23:14.731773,0.0,21.8,0.5397
2026-06-21T01:23:15.737530,0.0,21.85,0.5397
2026-06-21T01:23:16.727551,0.0,21.6,0.5397
2026-06-21T01:23:17.740264,0.0,21.84,0.5397
2026-06-21T01:23:18.745915,0.0,21.66,0.5397
2026-06-21T01:23:19.736086,0.0,21.65,0.5397
2026-06-21T01:23:20.732630,0.0,21.58,0.5397
2026-06-21T01:23:21.739839,0.0,21.57,0.5397
2026-06-21T01:23:22.755923,0.0,21.72,0.5397
2026-06-21T01:23:23.729859,0.0,21.44,0.5397
2026-06-21T01:23:24.731659,0.0,21.53,0.5397
2026-06-21T01:23:25.737056,0.0,21.59,0.5397
2026-06-21T01:23:26.725393,0.0,21.64,0.5397
2026-06-21T01:23:27.737530,0.0,21.55,0.5397
2026-06-21T01:23:28.730995,0.0,21.39,0.5397
2026-06-21T01:23:29.727366,0.0,21.5,0.5397
2026-06-21T01:23:30.743317,0.0,21.63,0.5397
2026-06-21T01:23:31.734227,0.0,21.45,0.5397
2026-06-21T01:23:32.736331,0.0,21.46,0.5397
2026-06-21T01:23:33.734168,0.0,21.46,0.5397
2026-06-21T01:23:34.741010,0.0,21.33,0.5397
2026-06-21T01:23:35.746729,0.0,21.47,0.5397
2026-06-21T01:23:36.735688,0.0,21.47,0.5397
2026-06-21T01:23:37.723687,0.0,21.46,0.5397
2026-06-21T01:23:38.833631,0.0,21.48,0.5397
2026-06-21T01:23:39.730452,0.0,21.58,0.5397
2026-06-21T01:23:40.737260,0.0,21.51,0.5397
2026-06-21T01:23:41.746637,0.0,21.24,0.5397
2026-06-21T01:23:42.735856,0.0,21.53,0.5397
2026-06-21T01:23:43.739167,0.0,21.47,0.5397
2026-06-21T01:23:44.736166,0.0,21.54,0.5397
2026-06-21T01:23:45.736825,0.0,21.39,0.5397
2026-06-21T01:23:46.729519,0.0,21.5,0.5397
2026-06-21T01:23:47.732164,0.0,21.39,0.5397
2026-06-21T01:23:48.742134,0.0,21.44,0.5397
2026-06-21T01:23:49.735425,0.0,21.64,0.5397
2026-06-21T01:23:50.722497,0.0,21.6,0.5397
2026-06-21T01:23:51.730756,0.0,21.5,0.5397
2026-06-21T01:23:52.734654,0.0,21.56,0.5397
2026-06-21T01:23:53.734594,0.0,21.58,0.5397
2026-06-21T01:23:54.713315,0.0,21.58,0.5397
2026-06-21T01:23:55.710924,0.0,21.44,0.5397
2026-06-21T01:23:56.723492,0.0,21.55,0.5397
2026-06-21T01:23:57.738486,0.0,21.57,0.5397
2026-06-21T01:23:58.728547,0.0,21.66,0.5397
2026-06-21T01:23:59.734560,0.0,21.64,0.5397
2026-06-21T01:24:00.733995,0.0,21.65,0.5397
2026-06-21T01:24:01.729104,0.0,21.61,0.5397
2026-06-21T01:24:02.736922,0.0,21.58,0.5397
2026-06-21T01:24:03.735425,0.0,21.67,0.5397
2026-06-21T01:24:04.736517,0.0,21.54,0.5397
2026-06-21T01:24:05.751545,0.0,21.66,0.5397
2026-06-21T01:24:06.729414,0.0,21.73,0.5397
2026-06-21T01:24:07.729783,0.0,21.54,0.5397
2026-06-21T01:24:08.733914,0.0,21.67,0.5397
2026-06-21T01:24:09.727793,0.0,21.79,0.5397
2026-06-21T01:24:10.714117,0.0,21.65,0.5397
2026-06-21T01:24:11.737414,0.0,21.65,0.5397
2026-06-21T01:24:12.734554,0.0,21.68,0.5397
2026-06-21T01:24:13.729414,0.0,21.62,0.5397
2026-06-21T01:24:14.740070,0.0,21.38,0.5397
2026-06-21T01:24:15.730498,0.0,21.66,0.5397
2026-06-21T01:24:16.738990,0.0,21.57,0.5397
2026-06-21T01:24:17.737215,0.0,21.55,0.5397
2026-06-21T01:24:18.736476,0.0,21.57,0.5397
2026-06-21T01:24:19.714652,0.0,21.56,0.5397
2026-06-21T01:24:20.737706,0.0,21.75,0.5397
2026-06-21T01:24:21.728430,0.0,21.58,0.5397
2026-06-21T01:24:22.732853,0.0,21.82,0.5397
2026-06-21T01:24:23.728970,0.0,21.8,0.5397
2026-06-21T01:24:24.725162,0.0,21.6,0.5397
2026-06-21T01:24:25.734797,0.0,21.73,0.5397
2026-06-21T01:24:26.733222,0.0,21.53,0.5397
2026-06-21T01:24:27.734750,0.0,21.61,0.5397
2026-06-21T01:24:28.733216,0.0,21.72,0.5397
2026-06-21T01:24:29.726891,0.0,21.4,0.5397
2026-06-21T01:24:30.730900,0.0,21.77,0.5397
2026-06-21T01:24:31.716777,0.0,21.68,0.5397
2026-06-21T01:24:32.732717,0.0,21.7,0.5397
2026-06-21T01:24:33.731784,0.0,21.74,0.5397
2026-06-21T01:24:34.715743,0.0,21.72,0.5397
2026-06-21T01:24:35.730881,0.0,21.72,0.5397
2026-06-21T01:24:36.721687,0.0,21.88,0.5397
2026-06-21T01:24:37.728827,0.0,21.65,0.5397
2026-06-21T01:24:38.738126,0.0,21.53,0.5397
2026-06-21T01:24:39.733349,0.0,21.92,0.5397
2026-06-21T01:24:40.719532,0.0,21.72,0.5397
2026-06-21T01:24:41.806596,0.0,21.73,0.5397
2026-06-21T01:24:42.715998,0.0,21.73,0.5397
2026-06-21T01:24:43.720143,0.0,21.9,0.5397
2026-06-21T01:24:44.736856,0.0,21.94,0.5397
2026-06-21T01:24:45.740968,0.0,21.88,0.5397
2026-06-21T01:24:46.726326,0.0,21.76,0.5397
2026-06-21T01:24:47.735384,0.0,21.81,0.5397
2026-06-21T01:24:48.744590,0.0,22.11,0.5397
2026-06-21T01:24:49.734140,0.0,21.92,0.5397
2026-06-21T01:24:50.727702,113.0,21.84,0.633
2026-06-21T01:24:51.732605,75.0,22.2,0.633
2026-06-21T01:24:52.735318,75.0,21.77,0.633
2026-06-21T01:24:53.717446,75.0,21.77,0.633
2026-06-21T01:24:54.725959,0.0,21.87,0.633
2026-06-21T01:24:55.717042,0.0,21.81,0.633
2026-06-21T01:24:56.720104,0.0,21.76,0.633
2026-06-21T01:24:57.741666,0.0,21.74,0.633
2026-06-21T01:24:58.722226,0.0,21.76,0.633
2026-06-21T01:24:59.801812,0.0,21.84,0.633
2026-06-21T01:25:00.735027,0.0,21.75,0.633
2026-06-21T01:25:01.719633,0.0,21.82,0.633
2026-06-21T01:25:02.736488,0.0,21.85,0.633
2026-06-21T01:25:03.733289,0.0,21.56,0.5397
2026-06-21T01:25:04.726555,0.0,21.59,0.5397
2026-06-21T01:25:05.728466,0.0,21.72,0.5397
2026-06-21T01:25:06.722299,0.0,21.69,0.5397
2026-06-21T01:25:07.723162,0.0,21.53,0.5397
2026-06-21T01:25:08.738775,0.0,21.59,0.5397
2026-06-21T01:25:09.712651,0.0,21.63,0.5397
2026-06-21T01:25:10.737789,0.0,21.61,0.5397
2026-06-21T01:25:11.726259,0.0,21.84,0.5397
2026-06-21T01:25:12.736887,0.0,21.79,0.5397
2026-06-21T01:25:13.730951,0.0,21.72,0.5397
2026-06-21T01:25:14.721700,0.0,21.8,0.5397
2026-06-21T01:25:15.715502,0.0,21.61,0.5397
2026-06-21T01:25:16.727304,0.0,21.75,0.5397
2026-06-21T01:25:17.718408,0.0,21.68,0.5397
2026-06-21T01:25:18.729120,0.0,21.76,0.5397
2026-06-21T01:25:19.709727,0.0,21.61,0.5397
2026-06-21T01:25:20.712907,0.0,21.84,0.5397
2026-06-21T01:25:21.727108,0.0,21.6,0.5397
2026-06-21T01:25:22.731573,0.0,21.86,0.5397
2026-06-21T01:25:23.736937,0.0,21.86,0.5397
2026-06-21T01:25:24.726202,0.0,21.77,0.5397
2026-06-21T01:25:25.730138,0.0,21.73,0.5397
2026-06-21T01:25:26.716444,0.0,21.75,0.5397
2026-06-21T01:25:27.730533,0.0,21.72,0.5397
2026-06-21T01:25:28.755296,0.0,21.79,0.5397
2026-06-21T01:25:29.774902,0.0,21.71,0.5397
2026-06-21T01:25:30.764680,0.0,21.68,0.5397
2026-06-21T01:25:31.732953,0.0,21.8,0.5397
2026-06-21T01:25:32.732296,0.0,21.87,0.5397
2026-06-21T01:25:33.730239,0.0,21.8,0.5397
2026-06-21T01:25:34.724630,0.0,21.77,0.5397
2026-06-21T01:25:35.730867,0.0,21.67,0.5397
2026-06-21T01:25:36.730053,0.0,21.61,0.5397
2026-06-21T01:25:37.722161,0.0,21.72,0.5397
2026-06-21T01:25:38.726908,0.0,21.82,0.5397
2026-06-21T01:25:39.727418,0.0,21.63,0.5397
2026-06-21T01:25:40.729686,0.0,21.85,0.5397
2026-06-21T01:25:41.737416,0.0,21.86,0.5397
2026-06-21T01:25:42.727310,0.0,21.82,0.5397
2026-06-21T01:25:43.731656,0.0,21.76,0.5397
2026-06-21T01:25:44.725359,0.0,21.76,0.5397
2026-06-21T01:25:45.741321,0.0,21.71,0.5397
2026-06-21T01:25:46.744890,0.0,21.93,0.5397
2026-06-21T01:25:47.744777,0.0,21.74,0.5397
2026-06-21T01:25:48.714385,0.0,21.65,0.5397
2026-06-21T01:25:49.734456,0.0,21.89,0.5397
2026-06-21T01:25:50.732290,0.0,21.77,0.5397
2026-06-21T01:25:51.730374,0.0,21.63,0.5397
2026-06-21T01:25:52.727728,0.0,21.84,0.5397
2026-06-21T01:25:53.741929,0.0,21.73,0.5397
2026-06-21T01:25:54.730513,0.0,21.73,0.5397
2026-06-21T01:25:55.775828,0.0,21.67,0.5397
2026-06-21T01:25:56.753747,0.0,21.71,0.5397
2026-06-21T01:25:57.727218,0.0,21.49,0.5397
2026-06-21T01:25:58.730470,0.0,21.6,0.5397
2026-06-21T01:25:59.741963,0.0,21.67,0.5397
2026-06-21T01:26:00.735574,0.0,21.56,0.5397
2026-06-21T01:26:01.726909,0.0,21.62,0.5397
2026-06-21T01:26:02.726549,0.0,21.79,0.5397
2026-06-21T01:26:03.729674,0.0,21.55,0.5397
2026-06-21T01:26:04.744421,0.0,21.76,0.5397
2026-06-21T01:26:05.724605,0.0,21.63,0.5397
2026-06-21T01:26:06.723014,0.0,21.5,0.5397
2026-06-21T01:26:07.732211,0.0,21.43,0.5397
2026-06-21T01:26:08.727685,0.0,21.64,0.5397
2026-06-21T01:26:09.710963,0.0,21.64,0.5397
2026-06-21T01:26:10.729462,0.0,21.47,0.5397
2026-06-21T01:26:11.721893,0.0,21.67,0.5397
2026-06-21T01:26:12.727069,0.0,21.61,0.5397
2026-06-21T01:26:13.726428,0.0,21.73,0.5397
2026-06-21T01:26:14.718374,0.0,21.61,0.5397
2026-06-21T01:26:15.717888,0.0,21.6,0.5397
2026-06-21T01:26:16.720897,0.0,21.69,0.5397
2026-06-21T01:26:17.726256,0.0,21.66,0.5397
2026-06-21T01:26:18.733380,0.0,21.7,0.5397
2026-06-21T01:26:19.724672,0.0,21.69,0.5397
2026-06-21T01:26:20.733704,0.0,21.64,0.5397
2026-06-21T01:26:21.726141,0.0,21.66,0.5397
2026-06-21T01:26:22.726708,0.0,21.74,0.5397
2026-06-21T01:26:23.746517,0.0,21.89,0.5397
2026-06-21T01:26:24.718585,0.0,21.87,0.5397
2026-06-21T01:26:25.727958,0.0,21.77,0.5397
2026-06-21T01:26:26.746511,0.0,21.68,0.5397
2026-06-21T01:26:27.734980,0.0,21.82,0.5397
2026-06-21T01:26:28.709676,0.0,21.75,0.5397
2026-06-21T01:26:29.725596,0.0,21.81,0.5397
2026-06-21T01:26:30.724089,0.0,21.59,0.5397
2026-06-21T01:26:31.728726,0.0,21.96,0.5397
2026-06-21T01:26:32.727007,0.0,21.79,0.5397
2026-06-21T01:26:33.727485,0.0,21.8,0.5397
2026-06-21T01:26:34.727334,0.0,21.79,0.5397
2026-06-21T01:26:35.729909,0.0,21.76,0.5397
2026-06-21T01:26:36.737547,0.0,21.89,0.5397
2026-06-21T01:26:37.721320,0.0,21.77,0.5397
2026-06-21T01:26:38.710313,0.0,21.69,0.5397
2026-06-21T01:26:39.736002,0.0,21.93,0.5397
2026-06-21T01:26:40.728186,0.0,21.57,0.5397
2026-06-21T01:26:41.715462,0.0,21.6,0.5397
2026-06-21T01:26:42.739989,0.0,21.73,0.5397
2026-06-21T01:26:43.738920,0.0,22.02,0.5397
2026-06-21T01:26:44.733655,0.0,21.72,0.5397
2026-06-21T01:26:45.726105,0.0,21.82,0.5397
2026-06-21T01:26:46.732993,0.0,22.12,0.5397
2026-06-21T01:26:47.760620,0.0,21.87,0.5397
2026-06-21T01:26:48.735791,0.0,21.92,0.5397
2026-06-21T01:26:49.737546,0.0,22.0,0.5373
2026-06-21T01:26:50.732418,0.0,21.81,0.5397
2026-06-21T01:26:51.723698,0.0,21.91,0.5397
2026-06-21T01:26:52.737059,0.0,21.92,0.5397
2026-06-21T01:26:53.727127,0.0,21.82,0.5397
2026-06-21T01:26:54.730648,0.0,21.78,0.5397
2026-06-21T01:26:55.710596,0.0,21.95,0.5397
2026-06-21T01:26:56.715741,0.0,21.87,0.5397
2026-06-21T01:26:57.725426,0.0,21.83,0.5397
2026-06-21T01:26:58.711086,0.0,21.82,0.5397
2026-06-21T01:26:59.720372,0.0,21.85,0.5397
2026-06-21T01:27:00.699366,0.0,21.92,0.5397
2026-06-21T01:27:01.719310,0.0,21.89,0.5397
2026-06-21T01:27:02.729677,0.0,21.99,0.5397
2026-06-21T01:27:03.722809,0.0,21.86,0.5397
2026-06-21T01:27:04.725313,0.0,21.86,0.5397
2026-06-21T01:27:05.720791,0.0,21.86,0.5397
2026-06-21T01:27:06.725038,0.0,22.01,0.5397
2026-06-21T01:27:07.727369,0.0,22.07,0.5397
2026-06-21T01:27:08.728013,0.0,21.88,0.5397
2026-06-21T01:27:09.725301,0.0,21.95,0.5397
2026-06-21T01:27:10.707748,0.0,21.79,0.5397
2026-06-21T01:27:11.739515,0.0,21.94,0.5397
2026-06-21T01:27:12.718926,0.0,21.9,0.5397
2026-06-21T01:27:13.720039,0.0,21.8,0.5397
2026-06-21T01:27:14.712687,0.0,22.01,0.5397
2026-06-21T01:27:15.730968,0.0,21.85,0.5397
2026-06-21T01:27:16.736522,0.0,21.83,0.5397
2026-06-21T01:27:17.722925,0.0,21.94,0.5397
2026-06-21T01:27:18.749002,0.0,21.86,0.5397
2026-06-21T01:27:19.706815,0.0,21.76,0.5397
2026-06-21T01:27:20.729680,0.0,21.91,0.5397
2026-06-21T01:27:21.720465,0.0,22.02,0.5397
2026-06-21T01:27:22.727068,0.0,21.81,0.5397
2026-06-21T01:27:23.718854,0.0,21.8,0.5397
2026-06-21T01:27:24.740845,0.0,21.94,0.5397
2026-06-21T01:27:25.717309,0.0,21.76,0.5397
2026-06-21T01:27:26.719324,0.0,21.86,0.5397
2026-06-21T01:27:27.721244,0.0,21.8,0.5397
2026-06-21T01:27:28.726961,0.0,21.96,0.5397
2026-06-21T01:27:29.720298,0.0,21.85,0.5397
2026-06-21T01:27:30.717656,0.0,21.81,0.5397
2026-06-21T01:27:31.729357,0.0,21.98,0.5397
2026-06-21T01:27:32.720482,0.0,21.84,0.5397
2026-06-21T01:27:33.724262,0.0,21.76,0.5397
2026-06-21T01:27:34.714046,0.0,21.9,0.5397
2026-06-21T01:27:35.718117,0.0,21.68,0.5397
2026-06-21T01:27:36.736204,0.0,21.65,0.5397
2026-06-21T01:27:37.728099,0.0,21.92,0.5397
2026-06-21T01:27:38.725573,0.0,21.7,0.5397
2026-06-21T01:27:39.718914,0.0,21.82,0.5397
2026-06-21T01:28:00.853148,0.0,21.8,0.5397
2026-06-21T01:28:00.981739,0.0,21.8,0.5397
2026-06-21T01:28:01.108179,0.0,21.8,0.5397
2026-06-21T01:28:01.234935,0.0,21.8,0.5397
2026-06-21T01:28:01.365148,0.0,21.8,0.5397
2026-06-21T01:28:01.502753,0.0,21.8,0.5397
2026-06-21T01:28:01.628963,0.0,21.8,0.5397
2026-06-21T01:28:01.759820,0.0,21.8,0.5397
2026-06-21T01:28:01.889186,0.0,21.8,0.5397
2026-06-21T01:28:02.015309,0.0,21.8,0.5397
2026-06-21T01:28:02.141380,0.0,21.8,0.5397
2026-06-21T01:28:02.274580,0.0,21.8,0.5397
2026-06-21T01:28:02.403173,0.0,21.8,0.5397
2026-06-21T01:28:02.532335,0.0,21.8,0.5397
2026-06-21T01:28:02.656802,0.0,21.8,0.5397
2026-06-21T01:28:02.789494,0.0,21.8,0.5397
2026-06-21T01:28:02.918624,0.0,21.8,0.5397
2026-06-21T01:28:03.057723,0.0,21.8,0.5397
2026-06-21T01:28:03.190329,0.0,21.8,0.5397
2026-06-21T01:28:03.320575,0.0,21.8,0.5397
2026-06-21T01:28:03.444337,0.0,21.8,0.5397
2026-06-21T01:28:03.573217,0.0,21.8,0.5397
2026-06-21T01:28:03.703732,0.0,21.8,0.5397
2026-06-21T01:28:03.844665,0.0,21.8,0.5397
2026-06-21T01:28:03.971378,0.0,21.8,0.5397
2026-06-21T01:28:04.094696,0.0,21.8,0.5397
2026-06-21T01:28:04.243884,0.0,21.8,0.5397
2026-06-21T01:28:04.394003,0.0,21.8,0.5397
2026-06-21T01:28:04.527405,0.0,21.8,0.5397
2026-06-21T01:28:04.659531,0.0,21.8,0.5397
2026-06-21T01:28:04.786355,0.0,21.8,0.5397
2026-06-21T01:28:04.914751,0.0,21.8,0.5397
2026-06-21T01:28:05.047286,0.0,21.8,0.5397
2026-06-21T01:28:05.174549,0.0,21.8,0.5397
2026-06-21T01:28:05.306662,0.0,21.8,0.5397
2026-06-21T01:28:05.439043,0.0,21.8,0.5397
2026-06-21T01:28:05.565089,0.0,21.8,0.5397
2026-06-21T01:28:05.696426,0.0,21.8,0.5397
2026-06-21T01:28:05.826917,0.0,21.8,0.5397
2026-06-21T01:28:05.955993,0.0,21.8,0.5397
2026-06-21T01:28:06.084710,0.0,21.8,0.5397
2026-06-21T01:28:06.208807,0.0,21.8,0.5397
2026-06-21T01:28:06.335518,0.0,21.8,0.5397
2026-06-21T01:28:06.462886,0.0,21.8,0.5397
2026-06-21T01:28:06.588846,0.0,21.8,0.5397
2026-06-21T01:28:06.719596,0.0,21.8,0.5397
2026-06-21T01:28:06.847685,0.0,21.8,0.5397
2026-06-21T01:28:06.978698,0.0,21.8,0.5397
2026-06-21T01:28:07.102426,0.0,21.8,0.5397
2026-06-21T01:28:07.229472,0.0,21.8,0.5397
2026-06-21T01:28:07.352570,0.0,21.8,0.5397
2026-06-21T01:28:07.479616,0.0,21.8,0.5397
2026-06-21T01:28:07.604627,0.0,21.8,0.5397
2026-06-21T01:28:07.749367,0.0,21.8,0.5397
2026-06-21T01:28:07.884854,0.0,21.8,0.5397
2026-06-21T01:28:08.013368,0.0,21.8,0.5397
2026-06-21T01:28:08.146351,0.0,21.8,0.5397
2026-06-21T01:28:08.270436,0.0,21.8,0.5397
2026-06-21T01:28:08.433576,0.0,21.8,0.5397
2026-06-21T01:28:08.561750,0.0,21.8,0.5397
2026-06-21T01:28:08.690771,0.0,21.8,0.5397
2026-06-21T01:28:08.821835,0.0,21.8,0.5397
2026-06-21T01:28:08.950544,0.0,21.8,0.5397
2026-06-21T01:28:09.081534,0.0,21.8,0.5397
2026-06-21T01:28:09.209194,0.0,21.8,0.5397
2026-06-21T01:28:09.339912,0.0,21.8,0.5397
2026-06-21T01:28:09.473496,0.0,21.8,0.5397
2026-06-21T01:28:09.603620,0.0,21.8,0.5397
2026-06-21T01:28:09.728115,0.0,21.8,0.5397
2026-06-21T01:28:09.859338,0.0,21.8,0.5397
2026-06-21T01:28:09.990269,0.0,21.8,0.5397
2026-06-21T01:28:10.122782,0.0,21.8,0.5397
2026-06-21T01:28:10.253374,0.0,21.8,0.5397
2026-06-21T01:28:10.385825,0.0,21.8,0.5397
2026-06-21T01:28:10.518771,0.0,21.8,0.5397
2026-06-21T01:28:10.648668,0.0,21.8,0.5397
2026-06-21T01:28:10.776606,0.0,21.8,0.5397
2026-06-21T01:28:10.906425,0.0,21.8,0.5397
2026-06-21T01:28:11.030872,0.0,21.8,0.5397
2026-06-21T01:28:11.163684,0.0,21.8,0.5397
2026-06-21T01:28:11.290885,0.0,21.8,0.5397
2026-06-21T01:28:11.423734,0.0,21.8,0.5397
2026-06-21T01:28:11.551839,0.0,21.8,0.5397
2026-06-21T01:28:11.683460,0.0,21.8,0.5397
2026-06-21T01:28:11.819714,0.0,21.8,0.5397
2026-06-21T01:28:11.955667,0.0,21.8,0.5397
2026-06-21T01:28:12.089164,0.0,21.8,0.5397
2026-06-21T01:28:12.223425,0.0,21.8,0.5397
2026-06-21T01:28:12.355578,0.0,21.8,0.5397
2026-06-21T01:28:12.489078,0.0,21.8,0.5397
2026-06-21T01:28:12.621071,0.0,21.8,0.5397
2026-06-21T01:28:12.748220,0.0,21.8,0.5397
2026-06-21T01:28:12.872743,0.0,21.8,0.5397
2026-06-21T01:28:13.003242,0.0,21.8,0.5397
2026-06-21T01:28:13.131026,0.0,21.8,0.5397
2026-06-21T01:28:13.267852,0.0,21.8,0.5397
2026-06-21T01:28:13.398663,0.0,21.8,0.5397
2026-06-21T01:28:13.524810,0.0,21.8,0.5397
2026-06-21T01:28:13.650063,0.0,21.8,0.5397
2026-06-21T01:28:13.792942,0.0,21.8,0.5397
2026-06-21T01:28:13.923603,0.0,21.8,0.5397
2026-06-21T01:28:14.054061,0.0,21.8,0.5397
2026-06-21T01:28:14.186363,0.0,21.8,0.5397
2026-06-21T01:28:14.315167,0.0,21.8,0.5397
2026-06-21T01:28:14.445012,0.0,21.8,0.5397
2026-06-21T01:28:14.577613,0.0,21.8,0.5397
2026-06-21T01:28:14.700499,0.0,21.8,0.5397
2026-06-21T01:28:14.847992,0.0,21.8,0.5397
2026-06-21T01:28:14.984052,0.0,21.8,0.5397
2026-06-21T01:28:15.112868,0.0,21.8,0.5397
2026-06-21T01:28:15.242632,0.0,21.8,0.5397
2026-06-21T01:28:15.373706,0.0,21.8,0.5397
2026-06-21T01:28:15.505979,0.0,21.8,0.5397
2026-06-21T01:28:15.644162,0.0,21.8,0.5397
2026-06-21T01:28:15.778262,0.0,21.8,0.5397
2026-06-21T01:28:15.910885,0.0,21.8,0.5397
2026-06-21T01:28:16.040373,0.0,21.8,0.5397
2026-06-21T01:28:16.169694,0.0,21.8,0.5397
2026-06-21T01:28:16.312267,0.0,21.8,0.5397
2026-06-21T01:28:16.445860,0.0,21.8,0.5397
2026-06-21T01:28:16.581504,0.0,21.8,0.5397
2026-06-21T01:28:16.716825,0.0,21.8,0.5397
2026-06-21T01:28:16.849246,0.0,21.8,0.5397
2026-06-21T01:28:16.974842,0.0,21.8,0.5397
2026-06-21T01:28:17.105780,0.0,21.8,0.5397
2026-06-21T01:28:17.232757,0.0,21.8,0.5397
2026-06-21T01:28:17.368011,0.0,21.8,0.5397
2026-06-21T01:28:17.500820,0.0,21.8,0.5397
2026-06-21T01:28:17.631001,0.0,21.8,0.5397
2026-06-21T01:28:17.768145,0.0,21.8,0.5397
2026-06-21T01:28:17.905202,0.0,21.8,0.5397
2026-06-21T01:28:18.032897,0.0,21.8,0.5397
2026-06-21T01:28:18.161894,0.0,21.8,0.5397
2026-06-21T01:28:18.291199,0.0,21.8,0.5397
2026-06-21T01:28:18.419775,0.0,21.8,0.5397
2026-06-21T01:28:18.548928,0.0,21.8,0.5397
2026-06-21T01:28:18.684758,0.0,21.8,0.5397
2026-06-21T01:28:18.817100,0.0,21.8,0.5397
2026-06-21T01:28:18.949232,0.0,21.8,0.5397
2026-06-21T01:28:19.080983,0.0,21.8,0.5397
2026-06-21T01:28:19.208781,0.0,21.8,0.5397
2026-06-21T01:28:19.336640,0.0,21.8,0.5397
2026-06-21T01:28:19.469803,0.0,21.8,0.5397
2026-06-21T01:28:19.822364,0.0,21.8,0.5397
2026-06-21T01:28:19.957753,0.0,21.8,0.5397
2026-06-21T01:28:20.086200,0.0,21.8,0.5397
2026-06-21T01:28:20.212847,0.0,21.8,0.5397
2026-06-21T01:28:20.342234,0.0,21.8,0.5397
2026-06-21T01:28:20.473722,0.0,21.8,0.5397
2026-06-21T01:28:20.625359,0.0,21.8,0.5397
2026-06-21T01:28:20.755702,0.0,21.8,0.5397
2026-06-21T01:28:20.884818,0.0,21.8,0.5397
2026-06-21T01:28:21.016478,0.0,21.8,0.5397
2026-06-21T01:28:21.150553,0.0,21.8,0.5397
2026-06-21T01:28:21.292992,0.0,21.8,0.5397
2026-06-21T01:28:21.419841,0.0,21.8,0.5397
2026-06-21T01:28:21.553065,0.0,21.8,0.5397
2026-06-21T01:28:21.676069,0.0,21.8,0.5397
2026-06-21T01:28:21.810898,0.0,21.8,0.5397
2026-06-21T01:28:21.937668,0.0,21.8,0.5397
2026-06-21T01:28:22.085707,0.0,21.8,0.5397
2026-06-21T01:28:22.212074,0.0,21.8,0.5397
2026-06-21T01:28:22.349990,0.0,21.8,0.5397
2026-06-21T01:28:22.496271,0.0,21.8,0.5397
2026-06-21T01:28:22.654419,0.0,21.8,0.5397
2026-06-21T01:28:22.793129,0.0,21.8,0.5397
2026-06-21T01:28:22.918586,0.0,21.8,0.5397
2026-06-21T01:28:23.048464,0.0,21.8,0.5397
2026-06-21T01:28:23.178927,0.0,21.8,0.5397
2026-06-21T01:28:23.315185,0.0,21.8,0.5397
2026-06-21T01:28:23.449774,0.0,21.8,0.5397
2026-06-21T01:28:23.594652,0.0,21.8,0.5397
2026-06-21T01:28:23.728247,0.0,21.8,0.5397
2026-06-21T01:28:23.869853,0.0,21.8,0.5397
2026-06-21T01:28:24.016341,0.0,21.8,0.5397
2026-06-21T01:28:24.142706,0.0,21.8,0.5397
2026-06-21T01:28:24.271714,0.0,21.8,0.5397
2026-06-21T01:28:24.405202,0.0,21.8,0.5397
2026-06-21T01:28:24.536772,0.0,21.8,0.5397
2026-06-21T01:28:24.666753,0.0,21.8,0.5397
2026-06-21T01:28:24.793726,0.0,21.8,0.5397
2026-06-21T01:28:24.918381,0.0,21.8,0.5397
2026-06-21T01:28:25.048630,0.0,21.8,0.5397
2026-06-21T01:28:25.172340,0.0,21.8,0.5397
2026-06-21T01:28:25.301251,0.0,21.8,0.5397
2026-06-21T01:28:25.429308,0.0,21.8,0.5397
2026-06-21T01:28:25.554704,0.0,21.8,0.5397
2026-06-21T01:28:25.681972,0.0,21.8,0.5397
2026-06-21T01:28:25.809752,0.0,21.8,0.5397
2026-06-21T01:28:25.937028,0.0,21.8,0.5397
2026-06-21T01:28:26.065301,0.0,21.8,0.5397
2026-06-21T01:28:26.206022,0.0,21.8,0.5397
2026-06-21T01:28:26.346453,0.0,21.8,0.5397
2026-06-21T01:28:26.492876,0.0,21.8,0.5397
2026-06-21T01:28:26.623679,0.0,21.8,0.5397
2026-06-21T01:28:26.750945,0.0,21.8,0.5397
2026-06-21T01:28:26.881906,0.0,21.8,0.5397
2026-06-21T01:28:27.015271,0.0,21.8,0.5397
2026-06-21T01:28:27.150912,0.0,21.8,0.5397
2026-06-21T01:28:27.274983,0.0,21.8,0.5397
2026-06-21T01:28:27.400762,0.0,21.8,0.5397
2026-06-21T01:28:27.548780,0.0,21.8,0.5397
2026-06-21T01:28:27.678609,0.0,21.8,0.5397
2026-06-21T01:28:27.823468,0.0,21.8,0.5397
2026-06-21T01:28:27.956710,0.0,21.8,0.5397
2026-06-21T01:28:28.094368,0.0,21.8,0.5397
2026-06-21T01:28:28.221723,0.0,21.8,0.5397
2026-06-21T01:28:28.350798,0.0,21.8,0.5397
2026-06-21T01:28:28.479425,0.0,21.8,0.5397
2026-06-21T01:28:28.604057,0.0,21.8,0.5397
2026-06-21T01:28:28.731099,0.0,21.8,0.5397
2026-06-21T01:28:28.856944,0.0,21.8,0.5397
2026-06-21T01:28:29.071918,0.0,21.8,0.5397
2026-06-21T01:28:29.199759,0.0,21.8,0.5397
2026-06-21T01:28:29.330759,0.0,21.8,0.5397
2026-06-21T01:28:29.455688,0.0,21.8,0.5397
2026-06-21T01:28:29.580343,0.0,21.8,0.5397
2026-06-21T01:28:29.709533,0.0,21.8,0.5397
2026-06-21T01:28:29.831993,0.0,21.8,0.5397
2026-06-21T01:28:29.964784,0.0,21.8,0.5397
2026-06-21T01:28:30.090749,0.0,21.8,0.5397
2026-06-21T01:28:30.235466,0.0,21.8,0.5397
2026-06-21T01:28:30.361401,0.0,21.8,0.5397
2026-06-21T01:28:30.487140,0.0,21.8,0.5397
2026-06-21T01:28:30.615089,0.0,21.8,0.5397
2026-06-21T01:28:30.744365,0.0,21.8,0.5397
2026-06-21T01:28:30.868311,0.0,21.8,0.5397
2026-06-21T01:28:30.997624,0.0,21.8,0.5397
2026-06-21T01:28:31.122440,0.0,21.8,0.5397
2026-06-21T01:28:31.248862,0.0,21.8,0.5397
2026-06-21T01:28:31.377890,0.0,21.8,0.5397
2026-06-21T01:28:31.508356,0.0,21.8,0.5397
2026-06-21T01:28:31.642978,0.0,21.8,0.5397
2026-06-21T01:28:31.784590,0.0,21.8,0.5397
2026-06-21T01:28:31.929125,0.0,21.8,0.5397
2026-06-21T01:28:32.053451,0.0,21.8,0.5397
2026-06-21T01:28:32.182461,0.0,21.8,0.5397
2026-06-21T01:28:32.320105,0.0,21.8,0.5397
2026-06-21T01:28:32.452637,0.0,21.8,0.5397
2026-06-21T01:28:32.579044,0.0,21.8,0.5397
2026-06-21T01:28:32.701989,0.0,21.8,0.5397
2026-06-21T01:28:32.833128,0.0,21.8,0.5397
2026-06-21T01:28:32.957857,0.0,21.8,0.5397
2026-06-21T01:28:33.082840,0.0,21.8,0.5397
2026-06-21T01:28:33.205791,0.0,21.8,0.5397
2026-06-21T01:28:33.334751,0.0,21.8,0.5397
2026-06-21T01:28:33.459912,0.0,21.8,0.5397
2026-06-21T01:28:33.585006,0.0,21.8,0.5397
2026-06-21T01:28:33.708138,0.0,21.8,0.5397
2026-06-21T01:28:33.835186,0.0,21.8,0.5397
2026-06-21T01:28:33.964148,0.0,21.8,0.5397
2026-06-21T01:28:34.085504,0.0,21.8,0.5397
2026-06-21T01:28:34.220147,0.0,21.8,0.5397
2026-06-21T01:28:34.347494,0.0,21.8,0.5397
2026-06-21T01:28:34.481160,0.0,21.8,0.5397
2026-06-21T01:28:34.611490,0.0,21.8,0.5397
2026-06-21T01:28:34.741168,0.0,21.8,0.5397
2026-06-21T01:28:34.890281,0.0,21.8,0.5397
2026-06-21T01:28:35.015825,0.0,21.8,0.5397
2026-06-21T01:28:35.145533,0.0,21.8,0.5397
2026-06-21T01:28:35.276798,0.0,21.8,0.5397
2026-06-21T01:28:35.399242,0.0,21.8,0.5397
2026-06-21T01:28:35.522385,0.0,21.8,0.5397
2026-06-21T01:28:35.651668,0.0,21.8,0.5397
2026-06-21T01:28:35.780397,0.0,21.8,0.5397
2026-06-21T01:28:35.916585,0.0,21.8,0.5397
2026-06-21T01:28:36.052713,0.0,21.8,0.5397
2026-06-21T01:28:36.183510,0.0,21.8,0.5397
2026-06-21T01:28:36.318076,0.0,21.8,0.5397
2026-06-21T01:28:36.450768,0.0,21.8,0.5397
2026-06-21T01:28:36.582243,0.0,21.8,0.5397
2026-06-21T01:28:36.712563,0.0,21.8,0.5397
2026-06-21T01:28:36.841229,0.0,21.8,0.5397
2026-06-21T01:28:36.962574,0.0,21.8,0.5397
2026-06-21T01:28:37.099991,0.0,21.8,0.5397
2026-06-21T01:28:37.231085,0.0,21.8,0.5397
2026-06-21T01:28:37.361741,0.0,21.8,0.5397
2026-06-21T01:28:37.499738,0.0,21.8,0.5397
2026-06-21T01:28:37.633695,0.0,21.8,0.5397
2026-06-21T01:28:37.767722,0.0,21.8,0.5397
2026-06-21T01:28:37.898816,0.0,21.8,0.5397
2026-06-21T01:28:38.031144,0.0,21.8,0.5397
2026-06-21T01:28:38.173145,0.0,21.8,0.5397
2026-06-21T01:28:38.309877,0.0,21.8,0.5397
2026-06-21T01:28:38.440527,0.0,21.8,0.5397
2026-06-21T01:28:38.571895,0.0,21.8,0.5397
2026-06-21T01:28:38.696416,0.0,21.8,0.5397
2026-06-21T01:28:38.820571,0.0,21.8,0.5397
2026-06-21T01:28:38.942944,0.0,21.8,0.5397
2026-06-21T01:28:39.082113,0.0,21.8,0.5397
2026-06-21T01:28:39.211549,0.0,21.8,0.5397
2026-06-21T01:28:39.343116,0.0,21.8,0.5397
2026-06-21T01:28:39.472222,0.0,21.8,0.5397
2026-06-21T01:28:39.595224,0.0,21.8,0.5397
2026-06-21T01:28:39.723792,0.0,21.8,0.5397
2026-06-21T01:28:39.854989,0.0,21.8,0.5397
2026-06-21T01:28:40.026360,0.0,21.8,0.5397
2026-06-21T01:28:40.179283,0.0,21.8,0.5397
2026-06-21T01:28:40.314160,0.0,21.8,0.5397
2026-06-21T01:28:40.445774,0.0,21.8,0.5397
2026-06-21T01:28:40.573644,0.0,21.8,0.5397
2026-06-21T01:28:40.697677,0.0,21.8,0.5397
2026-06-21T01:28:40.826323,0.0,21.8,0.5397
2026-06-21T01:28:40.964166,0.0,21.8,0.5397
2026-06-21T01:28:41.096053,0.0,21.8,0.5397
2026-06-21T01:28:41.231752,0.0,21.8,0.5397
2026-06-21T01:28:41.364128,0.0,21.8,0.5397
2026-06-21T01:28:41.500034,0.0,21.8,0.5397
2026-06-21T01:28:41.630126,0.0,21.8,0.5397
2026-06-21T01:28:41.769139,0.0,21.8,0.5397
2026-06-21T01:28:41.912030,0.0,21.8,0.5397
2026-06-21T01:28:42.057966,0.0,21.8,0.5397
2026-06-21T01:28:42.205375,0.0,21.8,0.5397
2026-06-21T01:28:42.351643,0.0,21.8,0.5397
2026-06-21T01:28:42.481723,0.0,21.8,0.5397
2026-06-21T01:28:42.605037,0.0,21.8,0.5397
2026-06-21T01:28:42.735885,0.0,21.8,0.5397
2026-06-21T01:28:42.865091,0.0,21.8,0.5397
2026-06-21T01:28:42.988234,0.0,21.8,0.5397
2026-06-21T01:28:43.127630,0.0,21.8,0.5397
2026-06-21T01:28:43.254012,0.0,21.8,0.5397
2026-06-21T01:28:43.397096,0.0,21.8,0.5397
2026-06-21T01:28:43.527199,0.0,21.8,0.5397
2026-06-21T01:28:43.656091,0.0,21.8,0.5397
2026-06-21T01:28:43.793052,0.0,21.8,0.5397
2026-06-21T01:28:43.920051,0.0,21.8,0.5397
2026-06-21T01:28:44.054254,0.0,21.8,0.5397
2026-06-21T01:28:44.178293,0.0,21.8,0.5397
2026-06-21T01:28:44.302804,0.0,21.8,0.5397
2026-06-21T01:28:44.427174,0.0,21.8,0.5397
2026-06-21T01:28:44.555892,0.0,21.8,0.5397
2026-06-21T01:28:44.685800,0.0,21.8,0.5397
2026-06-21T01:28:44.812447,0.0,21.8,0.5397
2026-06-21T01:28:44.947409,0.0,21.8,0.5397
2026-06-21T01:28:45.076833,0.0,21.8,0.5397
2026-06-21T01:28:45.203260,0.0,21.8,0.5397
2026-06-21T01:28:45.332193,0.0,21.8,0.5397
2026-06-21T01:28:45.454971,0.0,21.8,0.5397
2026-06-21T01:28:45.579385,0.0,21.8,0.5397
2026-06-21T01:28:45.703247,0.0,21.8,0.5397
2026-06-21T01:28:45.831644,0.0,21.8,0.5397
2026-06-21T01:28:45.952930,0.0,21.8,0.5397
2026-06-21T01:28:46.078194,0.0,21.8,0.5397
2026-06-21T01:28:46.201995,0.0,21.8,0.5397
2026-06-21T01:28:46.328735,0.0,21.8,0.5397
2026-06-21T01:28:46.458425,0.0,21.8,0.5397
2026-06-21T01:28:46.586942,0.0,21.8,0.5397
2026-06-21T01:28:46.718187,0.0,21.8,0.5397
2026-06-21T01:28:46.850258,0.0,21.8,0.5397
2026-06-21T01:28:46.973959,0.0,21.8,0.5397
2026-06-21T01:28:47.107108,0.0,21.8,0.5397
2026-06-21T01:28:47.231354,0.0,21.8,0.5397
2026-06-21T01:28:47.369378,0.0,21.8,0.5397
2026-06-21T01:28:47.499040,0.0,21.8,0.5397
2026-06-21T01:28:47.626803,0.0,21.8,0.5397
2026-06-21T01:28:47.769859,0.0,21.8,0.5397
2026-06-21T01:28:47.912098,0.0,21.8,0.5397
2026-06-21T01:28:48.048456,0.0,21.8,0.5397
2026-06-21T01:28:48.186631,0.0,21.8,0.5397
2026-06-21T01:28:48.319094,0.0,21.8,0.5397
2026-06-21T01:28:48.447612,0.0,21.8,0.5397
2026-06-21T01:28:48.573075,0.0,21.8,0.5397
2026-06-21T01:28:48.710732,0.0,21.8,0.5397
2026-06-21T01:28:48.835466,0.0,21.8,0.5397
2026-06-21T01:28:48.961287,0.0,21.8,0.5397
2026-06-21T01:28:49.086862,0.0,21.8,0.5397
2026-06-21T01:28:49.217578,0.0,21.8,0.5397
2026-06-21T01:28:49.349793,0.0,21.8,0.5397
2026-06-21T01:28:49.481994,0.0,21.8,0.5397
2026-06-21T01:28:49.609449,0.0,21.8,0.5397
2026-06-21T01:28:49.732088,0.0,21.8,0.5397
2026-06-21T01:28:49.855770,0.0,21.8,0.5397
2026-06-21T01:28:49.978977,0.0,21.8,0.5397
2026-06-21T01:28:50.105777,0.0,21.8,0.5397
2026-06-21T01:28:50.236717,0.0,21.8,0.5397
2026-06-21T01:28:50.370891,0.0,21.8,0.5397
2026-06-21T01:28:50.496462,0.0,21.8,0.5397
2026-06-21T01:28:50.623031,0.0,21.8,0.5397
2026-06-21T01:28:50.749546,0.0,21.8,0.5397
2026-06-21T01:28:50.873671,0.0,21.8,0.5397
2026-06-21T01:28:51.002469,0.0,21.8,0.5397
2026-06-21T01:28:51.138384,0.0,21.8,0.5397
2026-06-21T01:28:51.268991,0.0,21.8,0.5397
2026-06-21T01:28:51.399285,0.0,21.8,0.5397
2026-06-21T01:28:51.526168,0.0,21.8,0.5397
2026-06-21T01:28:51.654906,0.0,21.8,0.5397
2026-06-21T01:28:51.785949,0.0,21.8,0.5397
2026-06-21T01:28:51.928408,0.0,21.8,0.5397
2026-06-21T01:28:52.056176,0.0,21.8,0.5397
2026-06-21T01:28:52.186782,0.0,21.8,0.5397
2026-06-21T01:28:52.317064,0.0,21.8,0.5397
2026-06-21T01:28:52.447626,0.0,21.8,0.5397
2026-06-21T01:28:52.576660,0.0,21.8,0.5397
2026-06-21T01:28:52.705509,0.0,21.8,0.5397
2026-06-21T01:28:52.840689,0.0,21.8,0.5397
2026-06-21T01:28:52.976069,0.0,21.8,0.5397
2026-06-21T01:28:53.104394,0.0,21.8,0.5397
2026-06-21T01:28:53.236864,0.0,21.8,0.5397
2026-06-21T01:28:53.364254,0.0,21.8,0.5397
2026-06-21T01:28:53.500251,0.0,21.8,0.5397
2026-06-21T01:28:53.626574,0.0,21.8,0.5397
2026-06-21T01:28:53.750668,0.0,21.8,0.5397
2026-06-21T01:28:53.883766,0.0,21.8,0.5397
2026-06-21T01:28:54.012328,0.0,21.8,0.5397
2026-06-21T01:28:54.156961,0.0,21.8,0.5397
2026-06-21T01:28:54.282235,0.0,21.8,0.5397
2026-06-21T01:28:54.410334,0.0,21.8,0.5397
2026-06-21T01:28:54.539744,0.0,21.8,0.5397
2026-06-21T01:28:54.670002,0.0,21.8,0.5397
2026-06-21T01:28:54.796472,0.0,21.8,0.5397
2026-06-21T01:28:54.926489,0.0,21.8,0.5397
2026-06-21T01:28:55.059131,0.0,21.8,0.5397
2026-06-21T01:28:55.186366,0.0,21.8,0.5397
2026-06-21T01:28:55.313233,0.0,21.8,0.5397
2026-06-21T01:28:55.442550,0.0,21.8,0.5397
2026-06-21T01:28:55.569064,0.0,21.8,0.5397
2026-06-21T01:28:55.696005,0.0,21.8,0.5397
2026-06-21T01:28:55.827971,0.0,21.8,0.5397
2026-06-21T01:28:55.957401,0.0,21.8,0.5397
2026-06-21T01:28:56.088680,0.0,21.8,0.5397
2026-06-21T01:28:56.211770,0.0,21.8,0.5397
2026-06-21T01:28:56.340877,0.0,21.8,0.5397
2026-06-21T01:28:56.467530,0.0,21.8,0.5397
2026-06-21T01:28:56.594610,0.0,21.8,0.5397
2026-06-21T01:28:56.719552,0.0,21.8,0.5397
2026-06-21T01:28:56.848640,0.0,21.8,0.5397
2026-06-21T01:28:56.973394,0.0,21.8,0.5397
2026-06-21T01:28:57.103356,0.0,21.8,0.5397
2026-06-21T01:28:57.229384,0.0,21.8,0.5397
2026-06-21T01:28:57.360365,0.0,21.8,0.5397
2026-06-21T01:28:57.487812,0.0,21.8,0.5397
2026-06-21T01:28:57.618979,0.0,21.8,0.5397
2026-06-21T01:28:57.745140,0.0,21.8,0.5397
2026-06-21T01:28:57.874893,0.0,21.8,0.5397
2026-06-21T01:28:58.000787,0.0,21.8,0.5397
2026-06-21T01:28:58.125897,0.0,21.8,0.5397
2026-06-21T01:28:58.254423,0.0,21.8,0.5397
2026-06-21T01:28:58.382057,0.0,21.8,0.5397
2026-06-21T01:28:58.514723,0.0,21.8,0.5397
2026-06-21T01:28:58.649493,0.0,21.8,0.5397
2026-06-21T01:28:58.863189,0.0,21.8,0.5397
2026-06-21T01:28:59.002394,0.0,21.8,0.5397
2026-06-21T01:28:59.138242,0.0,21.8,0.5397
2026-06-21T01:28:59.269668,0.0,21.8,0.5397
2026-06-21T01:28:59.398665,0.0,21.8,0.5397
2026-06-21T01:28:59.523110,0.0,21.8,0.5397
2026-06-21T01:28:59.652585,0.0,21.8,0.5397
2026-06-21T01:28:59.778147,0.0,21.8,0.5397
2026-06-21T01:28:59.909102,0.0,21.8,0.5397
2026-06-21T01:29:00.034571,0.0,21.8,0.5397
2026-06-21T01:29:00.162438,0.0,21.8,0.5397
2026-06-21T01:29:00.290228,0.0,21.8,0.5397
2026-06-21T01:29:00.424918,0.0,21.8,0.5397
2026-06-21T01:29:00.549903,0.0,21.8,0.5397
2026-06-21T01:29:00.679435,0.0,21.8,0.5397
2026-06-21T01:29:00.805873,0.0,21.8,0.5397
2026-06-21T01:29:00.931953,0.0,21.8,0.5397
2026-06-21T01:29:01.069521,0.0,21.8,0.5397
2026-06-21T01:29:01.196508,0.0,21.8,0.5397
2026-06-21T01:29:01.327386,0.0,21.8,0.5397
2026-06-21T01:29:01.456248,0.0,21.8,0.5397
2026-06-21T01:29:01.582088,0.0,21.8,0.5397
2026-06-21T01:29:01.713114,0.0,21.8,0.5397
2026-06-21T01:29:01.839627,0.0,21.8,0.5397
2026-06-21T01:29:01.967084,0.0,21.8,0.5397
2026-06-21T01:29:02.094961,0.0,21.8,0.5397
2026-06-21T01:29:02.222403,0.0,21.8,0.5397
2026-06-21T01:29:02.345848,0.0,21.8,0.5397
2026-06-21T01:29:02.476013,0.0,21.8,0.5397
2026-06-21T01:29:02.599113,0.0,21.8,0.5397
2026-06-21T01:29:02.726224,0.0,21.8,0.5397
2026-06-21T01:29:02.850992,0.0,21.8,0.5397
2026-06-21T01:29:02.979274,0.0,21.8,0.5397
2026-06-21T01:29:03.100993,0.0,21.8,0.5397
2026-06-21T01:29:03.225890,0.0,21.8,0.5397
2026-06-21T01:29:03.371425,0.0,21.8,0.5397
2026-06-21T01:29:03.497313,0.0,21.8,0.5397
2026-06-21T01:29:03.623638,0.0,21.8,0.5397
2026-06-21T01:29:03.750182,0.0,21.8,0.5397
2026-06-21T01:29:03.880081,0.0,21.8,0.5397
2026-06-21T01:29:04.008216,0.0,21.8,0.5397
2026-06-21T01:29:04.134210,0.0,21.8,0.5397
2026-06-21T01:29:04.264575,0.0,21.8,0.5397
2026-06-21T01:29:04.396169,0.0,21.8,0.5397
2026-06-21T01:29:04.524918,0.0,21.8,0.5397
2026-06-21T01:29:04.655667,0.0,21.8,0.5397
2026-06-21T01:29:04.785365,0.0,21.8,0.5397
2026-06-21T01:29:04.917353,0.0,21.8,0.5397
2026-06-21T01:29:05.047589,0.0,21.8,0.5397
2026-06-21T01:29:05.179313,0.0,21.8,0.5397
2026-06-21T01:29:05.308145,0.0,21.8,0.5397
2026-06-21T01:29:05.433447,0.0,21.8,0.5397
2026-06-21T01:29:05.562140,0.0,21.8,0.5397
2026-06-21T01:29:05.692665,0.0,21.8,0.5397
2026-06-21T01:29:05.822949,0.0,21.8,0.5397
2026-06-21T01:29:05.970871,0.0,21.8,0.5397
2026-06-21T01:29:06.099830,0.0,21.8,0.5397
2026-06-21T01:29:06.222436,0.0,21.8,0.5397
2026-06-21T01:29:06.347613,0.0,21.8,0.5397
2026-06-21T01:29:06.476651,0.0,21.8,0.5397
2026-06-21T01:29:06.614884,0.0,21.8,0.5397
2026-06-21T01:29:06.739704,0.0,21.8,0.5397
2026-06-21T01:29:06.863211,0.0,21.8,0.5397
2026-06-21T01:29:06.991061,0.0,21.8,0.5397
2026-06-21T01:29:07.118659,0.0,21.8,0.5397
2026-06-21T01:29:07.264261,0.0,21.8,0.5397
2026-06-21T01:29:07.417097,0.0,21.8,0.5397
2026-06-21T01:29:07.543730,0.0,21.8,0.5397
2026-06-21T01:29:07.667782,0.0,21.8,0.5397
2026-06-21T01:29:07.798858,0.0,21.8,0.5397
2026-06-21T01:29:07.925675,0.0,21.8,0.5397
2026-06-21T01:29:08.050500,0.0,21.8,0.5397
2026-06-21T01:29:08.177781,0.0,21.8,0.5397
2026-06-21T01:29:08.305310,0.0,21.8,0.5397
2026-06-21T01:29:08.436254,0.0,21.8,0.5397
2026-06-21T01:29:08.560616,0.0,21.8,0.5397
2026-06-21T01:29:08.685841,0.0,21.8,0.5397
2026-06-21T01:29:08.815686,0.0,21.8,0.5397
2026-06-21T01:29:08.947147,0.0,21.8,0.5397
2026-06-21T01:29:09.076566,0.0,21.8,0.5397
2026-06-21T01:29:09.254694,0.0,21.8,0.5397
2026-06-21T01:29:09.391467,0.0,21.8,0.5397
2026-06-21T01:29:09.521860,0.0,21.8,0.5397
2026-06-21T01:29:09.660268,0.0,21.8,0.5397
2026-06-21T01:29:09.788060,0.0,21.8,0.5397
2026-06-21T01:29:09.912855,0.0,21.8,0.5397
2026-06-21T01:29:10.039451,0.0,21.8,0.5397
2026-06-21T01:29:10.164524,0.0,21.8,0.5397
2026-06-21T01:29:10.297588,0.0,21.8,0.5397
2026-06-21T01:29:10.443688,0.0,21.8,0.5397
2026-06-21T01:29:10.568445,0.0,21.8,0.5397
2026-06-21T01:29:10.697455,0.0,21.8,0.5397
2026-06-21T01:29:10.828060,0.0,21.8,0.5397
2026-06-21T01:29:10.954543,0.0,21.8,0.5397
2026-06-21T01:29:11.083228,0.0,21.8,0.5397
2026-06-21T01:29:11.212798,0.0,21.8,0.5397
2026-06-21T01:29:11.339557,0.0,21.8,0.5397
2026-06-21T01:29:11.469962,0.0,21.8,0.5397
2026-06-21T01:29:11.597157,0.0,21.8,0.5397
2026-06-21T01:29:11.728785,0.0,21.8,0.5397
2026-06-21T01:29:11.853461,0.0,21.8,0.5397
2026-06-21T01:29:11.983244,0.0,21.8,0.5397
2026-06-21T01:29:12.110873,0.0,21.8,0.5397
2026-06-21T01:29:12.236949,0.0,21.8,0.5397
2026-06-21T01:29:12.364365,0.0,21.8,0.5397
2026-06-21T01:29:12.493489,0.0,21.8,0.5397
2026-06-21T01:29:12.625208,0.0,21.8,0.5397
2026-06-21T01:29:12.759282,0.0,21.8,0.5397
2026-06-21T01:29:12.907801,0.0,21.8,0.5397
2026-06-21T01:29:13.036483,0.0,21.8,0.5397
2026-06-21T01:29:13.192625,0.0,21.8,0.5397
2026-06-21T01:29:13.322880,0.0,21.8,0.5397
2026-06-21T01:29:13.452139,0.0,21.8,0.5397
2026-06-21T01:29:13.579606,0.0,21.8,0.5397
2026-06-21T01:29:13.704358,0.0,21.8,0.5397
2026-06-21T01:29:13.829802,0.0,21.8,0.5397
2026-06-21T01:29:13.955220,0.0,21.8,0.5397
2026-06-21T01:29:14.092028,0.0,21.8,0.5397
2026-06-21T01:29:14.218866,0.0,21.8,0.5397
2026-06-21T01:29:14.348679,0.0,21.8,0.5397
2026-06-21T01:29:14.473454,0.0,21.8,0.5397
2026-06-21T01:29:14.599743,0.0,21.8,0.5397
2026-06-21T01:29:14.720595,0.0,21.8,0.5397
2026-06-21T01:29:14.848353,0.0,21.8,0.5397
2026-06-21T01:29:14.980573,0.0,21.8,0.5397
2026-06-21T01:29:15.108314,0.0,21.8,0.5397
2026-06-21T01:29:15.239916,0.0,21.8,0.5397
2026-06-21T01:29:15.371318,0.0,21.8,0.5397
2026-06-21T01:29:15.499292,0.0,21.8,0.5397
2026-06-21T01:29:15.629055,0.0,21.8,0.5397
2026-06-21T01:29:15.754186,0.0,21.8,0.5397
2026-06-21T01:29:15.883182,0.0,21.8,0.5397
2026-06-21T01:29:16.020021,0.0,21.8,0.5397
2026-06-21T01:29:16.145557,0.0,21.8,0.5397
2026-06-21T01:29:16.281872,0.0,21.8,0.5397
2026-06-21T01:29:16.412778,0.0,21.8,0.5397
2026-06-21T01:29:16.547972,0.0,21.8,0.5397
2026-06-21T01:29:16.679128,0.0,21.8,0.5397
2026-06-21T01:29:16.805484,0.0,21.8,0.5397
2026-06-21T01:29:16.934974,0.0,21.8,0.5397
2026-06-21T01:29:17.065852,0.0,21.8,0.5397
2026-06-21T01:29:17.197851,0.0,21.8,0.5397
2026-06-21T01:29:17.337177,0.0,21.8,0.5397
2026-06-21T01:29:17.471400,0.0,21.8,0.5397
2026-06-21T01:29:17.600249,0.0,21.8,0.5397
2026-06-21T01:29:17.731368,0.0,21.8,0.5397
2026-06-21T01:29:17.864898,0.0,21.8,0.5397
2026-06-21T01:29:17.995294,0.0,21.8,0.5397
2026-06-21T01:29:18.129849,0.0,21.8,0.5397
2026-06-21T01:29:18.260728,0.0,21.8,0.5397
2026-06-21T01:29:18.394118,0.0,21.8,0.5397
2026-06-21T01:29:18.521919,0.0,21.8,0.5397
2026-06-21T01:29:18.666149,0.0,21.8,0.5397
2026-06-21T01:29:18.797123,0.0,21.8,0.5397
2026-06-21T01:29:18.925123,0.0,21.8,0.5397
2026-06-21T01:29:19.060857,0.0,21.8,0.5397
2026-06-21T01:29:19.189033,0.0,21.8,0.5397
2026-06-21T01:29:19.317740,0.0,21.8,0.5397
2026-06-21T01:29:19.465574,0.0,21.8,0.5397
2026-06-21T01:29:19.592057,0.0,21.8,0.5397
2026-06-21T01:29:19.715284,0.0,21.8,0.5397
2026-06-21T01:29:19.840551,0.0,21.8,0.5397
2026-06-21T01:29:19.972415,0.0,21.8,0.5397
2026-06-21T01:29:20.107204,0.0,21.8,0.5397
2026-06-21T01:29:20.238684,0.0,21.8,0.5397
2026-06-21T01:29:20.363561,0.0,21.8,0.5397
2026-06-21T01:29:20.492368,0.0,21.8,0.5397
2026-06-21T01:29:20.619620,0.0,21.8,0.5397
2026-06-21T01:29:20.753967,0.0,21.8,0.5397
2026-06-21T01:29:20.880575,0.0,21.8,0.5397
2026-06-21T01:29:21.010863,0.0,21.8,0.5397
2026-06-21T01:29:21.160366,0.0,21.8,0.5397
2026-06-21T01:29:21.288174,0.0,21.8,0.5397
2026-06-21T01:29:21.414810,0.0,21.8,0.5397
2026-06-21T01:29:21.546103,0.0,21.8,0.5397
2026-06-21T01:29:21.677229,0.0,21.8,0.5397
2026-06-21T01:29:21.809250,0.0,21.8,0.5397
2026-06-21T01:29:21.937280,0.0,21.8,0.5397
2026-06-21T01:29:22.067666,0.0,21.8,0.5397
2026-06-21T01:29:22.197296,0.0,21.8,0.5397
2026-06-21T01:29:22.329376,0.0,21.8,0.5397
2026-06-21T01:29:22.456075,0.0,21.8,0.5397
2026-06-21T01:29:22.583188,0.0,21.8,0.5397
2026-06-21T01:29:22.712392,0.0,21.8,0.5397
2026-06-21T01:29:22.842715,0.0,21.8,0.5397
2026-06-21T01:29:22.970134,0.0,21.8,0.5397
2026-06-21T01:29:23.102624,0.0,21.8,0.5397
2026-06-21T01:29:23.229615,0.0,21.8,0.5397
2026-06-21T01:29:23.361678,0.0,21.8,0.5397
2026-06-21T01:29:23.486017,0.0,21.8,0.5397
2026-06-21T01:29:23.610620,0.0,21.8,0.5397
2026-06-21T01:29:23.736773,0.0,21.8,0.5397
2026-06-21T01:29:23.866049,0.0,21.8,0.5397
2026-06-21T01:29:23.991040,0.0,21.8,0.5397
2026-06-21T01:29:24.124285,0.0,21.8,0.5397
2026-06-21T01:29:24.254272,0.0,21.8,0.5397
2026-06-21T01:29:24.385805,0.0,21.8,0.5397
2026-06-21T01:29:24.514919,0.0,21.8,0.5397
2026-06-21T01:29:24.644087,0.0,21.8,0.5397
2026-06-21T01:29:24.767632,0.0,21.8,0.5397
2026-06-21T01:29:24.896535,0.0,21.8,0.5397
2026-06-21T01:29:25.022496,0.0,21.8,0.5397
2026-06-21T01:29:25.148791,0.0,21.8,0.5397
2026-06-21T01:29:25.280417,0.0,21.8,0.5397
2026-06-21T01:29:25.408689,0.0,21.8,0.5397
2026-06-21T01:29:25.532689,0.0,21.8,0.5397
2026-06-21T01:29:25.670629,0.0,21.8,0.5397
2026-06-21T01:29:25.804353,0.0,21.8,0.5397
2026-06-21T01:29:25.932711,0.0,21.8,0.5397
2026-06-21T01:29:26.057734,0.0,21.8,0.5397
2026-06-21T01:29:26.182659,0.0,21.8,0.5397
2026-06-21T01:29:26.311248,0.0,21.8,0.5397
2026-06-21T01:29:26.441572,0.0,21.8,0.5397
2026-06-21T01:29:26.569544,0.0,21.8,0.5397
2026-06-21T01:29:26.697218,0.0,21.8,0.5397
2026-06-21T01:29:26.821826,0.0,21.8,0.5397
2026-06-21T01:29:26.955933,0.0,21.8,0.5397
2026-06-21T01:29:27.109870,0.0,21.8,0.5397
2026-06-21T01:29:27.251026,0.0,21.8,0.5397
2026-06-21T01:29:27.385418,0.0,21.8,0.5397
2026-06-21T01:29:27.517817,0.0,21.8,0.5397
2026-06-21T01:29:27.646078,0.0,21.8,0.5397
2026-06-21T01:29:27.776448,0.0,21.8,0.5397
2026-06-21T01:29:27.904277,0.0,21.8,0.5397
2026-06-21T01:29:28.036305,0.0,21.8,0.5397
2026-06-21T01:29:28.161546,0.0,21.8,0.5397
2026-06-21T01:29:28.288970,0.0,21.8,0.5397
2026-06-21T01:29:28.429512,0.0,21.8,0.5397
2026-06-21T01:29:28.563881,0.0,21.8,0.5397
2026-06-21T01:29:28.696795,0.0,21.8,0.5397
2026-06-21T01:29:28.890055,0.0,21.8,0.5397
2026-06-21T01:29:29.027192,0.0,21.8,0.5397
2026-06-21T01:29:29.154890,0.0,21.8,0.5397
2026-06-21T01:29:29.277585,0.0,21.8,0.5397
2026-06-21T01:29:29.410921,0.0,21.8,0.5397
2026-06-21T01:29:29.541960,0.0,21.8,0.5397
2026-06-21T01:29:29.680867,0.0,21.8,0.5397
2026-06-21T01:29:29.807867,0.0,21.8,0.5397
2026-06-21T01:29:29.969469,0.0,21.8,0.5397
2026-06-21T01:29:30.103513,0.0,21.8,0.5397
2026-06-21T01:29:30.242250,0.0,21.8,0.5397
2026-06-21T01:29:30.377001,0.0,21.8,0.5397
2026-06-21T01:29:30.504541,0.0,21.8,0.5397
2026-06-21T01:29:30.631316,0.0,21.8,0.5397
2026-06-21T01:29:30.755979,0.0,21.8,0.5397
2026-06-21T01:29:30.885357,0.0,21.8,0.5397
2026-06-21T01:29:31.011465,0.0,21.8,0.5397
2026-06-21T01:29:31.153997,0.0,21.8,0.5397
2026-06-21T01:29:31.280883,0.0,21.8,0.5397
2026-06-21T01:29:31.407986,0.0,21.8,0.5397
2026-06-21T01:29:31.534157,0.0,21.8,0.5397
2026-06-21T01:29:31.682345,0.0,21.8,0.5397
2026-06-21T01:29:31.810473,0.0,21.8,0.5397
2026-06-21T01:29:31.939129,0.0,21.8,0.5397
2026-06-21T01:29:32.065063,0.0,21.8,0.5397
2026-06-21T01:29:32.190861,0.0,21.8,0.5397
2026-06-21T01:29:32.315413,0.0,21.8,0.5397
2026-06-21T01:29:32.448141,0.0,21.8,0.5397
2026-06-21T01:29:32.584954,0.0,21.8,0.5397
2026-06-21T01:29:32.715285,0.0,21.8,0.5397
2026-06-21T01:29:32.843957,0.0,21.8,0.5397
2026-06-21T01:29:32.974250,0.0,21.8,0.5397
2026-06-21T01:29:33.106080,0.0,21.8,0.5397
2026-06-21T01:29:33.235571,0.0,21.8,0.5397
2026-06-21T01:29:33.362438,0.0,21.8,0.5397
2026-06-21T01:29:33.492215,0.0,21.8,0.5397
2026-06-21T01:29:33.625837,0.0,21.8,0.5397
2026-06-21T01:29:33.759653,0.0,21.8,0.5397
2026-06-21T01:29:33.890203,0.0,21.8,0.5397
2026-06-21T01:29:34.014635,0.0,21.8,0.5397
2026-06-21T01:29:34.141052,0.0,21.8,0.5397
2026-06-21T01:29:34.265467,0.0,21.8,0.5397
2026-06-21T01:29:34.397451,0.0,21.8,0.5397
2026-06-21T01:29:34.523369,0.0,21.8,0.5397
2026-06-21T01:29:34.651927,0.0,21.8,0.5397
2026-06-21T01:29:34.778161,0.0,21.8,0.5397
2026-06-21T01:29:34.912318,0.0,21.8,0.5397
2026-06-21T01:29:35.066940,0.0,21.8,0.5397
2026-06-21T01:29:35.198197,0.0,21.8,0.5397
2026-06-21T01:29:35.325356,0.0,21.8,0.5397
2026-06-21T01:29:35.452736,0.0,21.8,0.5397
2026-06-21T01:29:35.598848,0.0,21.8,0.5397
2026-06-21T01:29:35.729321,0.0,21.8,0.5397
2026-06-21T01:29:35.858596,0.0,21.8,0.5397
2026-06-21T01:29:35.996129,0.0,21.8,0.5397
2026-06-21T01:29:36.127883,0.0,21.8,0.5397
2026-06-21T01:29:36.255789,0.0,21.8,0.5397
2026-06-21T01:29:36.385059,0.0,21.8,0.5397
2026-06-21T01:29:36.507400,0.0,21.8,0.5397
2026-06-21T01:29:36.634175,0.0,21.8,0.5397
2026-06-21T01:29:36.769704,0.0,21.8,0.5397
2026-06-21T01:29:36.898634,0.0,21.8,0.5397
2026-06-21T01:29:37.036169,0.0,21.8,0.5397
2026-06-21T01:29:37.162416,0.0,21.8,0.5397
2026-06-21T01:29:37.289415,0.0,21.8,0.5397
2026-06-21T01:29:37.418157,0.0,21.8,0.5397
2026-06-21T01:29:37.543047,0.0,21.8,0.5397
2026-06-21T01:29:37.672179,0.0,21.8,0.5397
2026-06-21T01:29:37.801112,0.0,21.8,0.5397
2026-06-21T01:29:37.931432,0.0,21.8,0.5397
2026-06-21T01:29:38.055784,0.0,21.8,0.5397
2026-06-21T01:29:38.184023,0.0,21.8,0.5397
2026-06-21T01:29:38.308964,0.0,21.8,0.5397
2026-06-21T01:29:38.435979,0.0,21.8,0.5397
2026-06-21T01:29:38.580649,0.0,21.8,0.5397
2026-06-21T01:29:38.715484,0.0,21.8,0.5397
2026-06-21T01:29:38.853821,0.0,21.8,0.5397
2026-06-21T01:29:38.982829,0.0,21.8,0.5397
2026-06-21T01:29:39.115213,0.0,21.8,0.5397
2026-06-21T01:29:39.242610,0.0,21.8,0.5397
2026-06-21T01:29:39.374581,0.0,21.8,0.5397
2026-06-21T01:29:39.502702,0.0,21.8,0.5397
2026-06-21T01:29:39.644535,0.0,21.8,0.5397
2026-06-21T01:29:39.775963,0.0,21.8,0.5397
2026-06-21T01:29:39.902722,0.0,21.8,0.5397
2026-06-21T01:29:40.029857,0.0,21.8,0.5397
2026-06-21T01:29:40.160245,0.0,21.8,0.5397
2026-06-21T01:29:40.287312,0.0,21.8,0.5397
2026-06-21T01:29:40.410212,0.0,21.8,0.5397
2026-06-21T01:29:40.535496,0.0,21.8,0.5397
2026-06-21T01:29:40.664625,0.0,21.8,0.5397
2026-06-21T01:29:40.805896,0.0,21.8,0.5397
2026-06-21T01:29:40.935950,0.0,21.8,0.5397
2026-06-21T01:29:41.066047,0.0,21.8,0.5397
2026-06-21T01:29:41.205790,0.0,21.8,0.5397
2026-06-21T01:29:41.335291,0.0,21.8,0.5397
2026-06-21T01:29:41.474231,0.0,21.8,0.5397
2026-06-21T01:29:41.604155,0.0,21.8,0.5397
2026-06-21T01:29:41.731644,0.0,21.8,0.5397
2026-06-21T01:29:41.857871,0.0,21.8,0.5397
2026-06-21T01:29:41.982520,0.0,21.8,0.5397
2026-06-21T01:29:42.115445,0.0,21.8,0.5397
2026-06-21T01:29:42.243021,0.0,21.8,0.5397
2026-06-21T01:29:42.372177,0.0,21.8,0.5397
2026-06-21T01:29:42.514113,0.0,21.8,0.5397
2026-06-21T01:29:42.643521,0.0,21.8,0.5397
2026-06-21T01:29:42.776824,0.0,21.8,0.5397
2026-06-21T01:29:42.918589,0.0,21.8,0.5397
2026-06-21T01:29:43.045674,0.0,21.8,0.5397
2026-06-21T01:29:43.179401,0.0,21.8,0.5397
2026-06-21T01:29:43.304415,0.0,21.8,0.5397
2026-06-21T01:29:43.431524,0.0,21.8,0.5397
2026-06-21T01:29:43.557283,0.0,21.8,0.5397
2026-06-21T01:29:43.688655,0.0,21.8,0.5397
2026-06-21T01:29:43.818198,0.0,21.8,0.5397
2026-06-21T01:29:43.949090,0.0,21.8,0.5397
2026-06-21T01:29:44.076251,0.0,21.8,0.5397
2026-06-21T01:29:44.202325,0.0,21.8,0.5397
2026-06-21T01:29:44.330818,0.0,21.8,0.5397
2026-06-21T01:29:44.457718,0.0,21.8,0.5397
2026-06-21T01:29:44.584725,0.0,21.8,0.5397
2026-06-21T01:29:44.711430,0.0,21.8,0.5397
2026-06-21T01:29:44.841617,0.0,21.8,0.5397
2026-06-21T01:29:44.966921,0.0,21.8,0.5397
2026-06-21T01:29:45.097862,0.0,21.8,0.5397
2026-06-21T01:29:45.229232,0.0,21.8,0.5397
2026-06-21T01:29:45.356749,0.0,21.8,0.5397
2026-06-21T01:29:45.481784,0.0,21.8,0.5397
2026-06-21T01:29:45.605771,0.0,21.8,0.5397
2026-06-21T01:29:45.737033,0.0,21.8,0.5397
2026-06-21T01:29:45.869829,0.0,21.8,0.5397
2026-06-21T01:29:46.000417,0.0,21.8,0.5397
2026-06-21T01:29:46.132265,0.0,21.8,0.5397
2026-06-21T01:29:46.261152,0.0,21.8,0.5397
2026-06-21T01:29:46.391793,0.0,21.8,0.5397
2026-06-21T01:29:46.518924,0.0,21.8,0.5397
2026-06-21T01:29:46.652614,0.0,21.8,0.5397
2026-06-21T01:29:46.780055,0.0,21.8,0.5397
2026-06-21T01:29:46.908082,0.0,21.8,0.5397
2026-06-21T01:29:47.031957,0.0,21.8,0.5397
2026-06-21T01:29:47.166473,0.0,21.8,0.5397
2026-06-21T01:29:47.292821,0.0,21.8,0.5397
2026-06-21T01:29:47.422509,0.0,21.8,0.5397
2026-06-21T01:29:47.550782,0.0,21.8,0.5397
2026-06-21T01:29:47.676565,0.0,21.8,0.5397
2026-06-21T01:29:47.797446,0.0,21.8,0.5397
2026-06-21T01:29:47.929137,0.0,21.8,0.5397
2026-06-21T01:29:48.059813,0.0,21.8,0.5397
2026-06-21T01:29:48.189165,0.0,21.8,0.5397
2026-06-21T01:29:48.316422,0.0,21.8,0.5397
2026-06-21T01:29:48.446538,0.0,21.8,0.5397
2026-06-21T01:29:48.575265,0.0,21.8,0.5397
2026-06-21T01:29:48.704001,0.0,21.8,0.5397
2026-06-21T01:29:48.833143,0.0,21.8,0.5397
2026-06-21T01:29:48.961210,0.0,21.8,0.5397
2026-06-21T01:29:49.093953,0.0,21.8,0.5397
2026-06-21T01:29:49.217820,0.0,21.8,0.5397
2026-06-21T01:29:49.348208,0.0,21.8,0.5397
2026-06-21T01:29:49.475995,0.0,21.8,0.5397
2026-06-21T01:29:49.603276,0.0,21.8,0.5397
2026-06-21T01:29:49.728422,0.0,21.8,0.5397
2026-06-21T01:29:49.852844,0.0,21.8,0.5397
2026-06-21T01:29:49.994254,0.0,21.8,0.5397
2026-06-21T01:29:50.123386,0.0,21.8,0.5397
2026-06-21T01:29:50.252025,0.0,21.8,0.5397
2026-06-21T01:29:50.378150,0.0,21.8,0.5397
2026-06-21T01:29:50.503692,0.0,21.8,0.5397
2026-06-21T01:29:50.625939,0.0,21.8,0.5397
2026-06-21T01:29:50.751620,0.0,21.8,0.5397
2026-06-21T01:29:50.900235,0.0,21.8,0.5397
2026-06-21T01:29:51.032162,0.0,21.8,0.5397
2026-06-21T01:29:51.161593,0.0,21.8,0.5397
2026-06-21T01:29:51.290267,0.0,21.8,0.5397
2026-06-21T01:29:51.417605,0.0,21.8,0.5397
2026-06-21T01:29:51.544260,0.0,21.8,0.5397
2026-06-21T01:29:51.670920,0.0,21.8,0.5397
2026-06-21T01:29:51.799983,0.0,21.8,0.5397
2026-06-21T01:29:51.923542,0.0,21.8,0.5397
2026-06-21T01:29:52.062548,0.0,21.8,0.5397
2026-06-21T01:29:52.191211,0.0,21.8,0.5397
2026-06-21T01:29:52.317874,0.0,21.8,0.5397
2026-06-21T01:29:52.448907,0.0,21.8,0.5397
2026-06-21T01:29:52.579524,0.0,21.8,0.5397
2026-06-21T01:29:52.706103,0.0,21.8,0.5397
2026-06-21T01:29:52.833465,0.0,21.8,0.5397
2026-06-21T01:29:52.961934,0.0,21.8,0.5397
2026-06-21T01:29:53.087170,0.0,21.8,0.5397
2026-06-21T01:29:53.210521,0.0,21.8,0.5397
2026-06-21T01:29:53.339317,0.0,21.8,0.5397
2026-06-21T01:29:53.462561,0.0,21.8,0.5397
2026-06-21T01:29:53.592975,0.0,21.8,0.5397
2026-06-21T01:29:53.717353,0.0,21.8,0.5397
2026-06-21T01:29:53.859331,0.0,21.8,0.5397
2026-06-21T01:29:53.989628,0.0,21.8,0.5397
2026-06-21T01:29:54.118744,0.0,21.8,0.5397
2026-06-21T01:29:54.245872,0.0,21.8,0.5397
2026-06-21T01:29:54.370799,0.0,21.8,0.5397
2026-06-21T01:29:54.500395,0.0,21.8,0.5397
2026-06-21T01:29:54.625829,0.0,21.8,0.5397
2026-06-21T01:29:54.747222,0.0,21.8,0.5397
2026-06-21T01:29:54.868867,0.0,21.8,0.5397
2026-06-21T01:29:54.991791,0.0,21.8,0.5397
2026-06-21T01:29:55.121711,0.0,21.8,0.5397
2026-06-21T01:29:55.251508,0.0,21.8,0.5397
2026-06-21T01:29:55.378794,0.0,21.8,0.5397
2026-06-21T01:29:55.507114,0.0,21.8,0.5397
2026-06-21T01:29:55.626168,0.0,21.8,0.5397
2026-06-21T01:29:55.753359,0.0,21.8,0.5397
2026-06-21T01:29:55.885091,0.0,21.8,0.5397
2026-06-21T01:29:56.011352,0.0,21.8,0.5397
2026-06-21T01:29:56.139305,0.0,21.8,0.5397
2026-06-21T01:29:56.262838,0.0,21.8,0.5397
2026-06-21T01:29:56.388451,0.0,21.8,0.5397
2026-06-21T01:29:56.517295,0.0,21.8,0.5397
2026-06-21T01:29:56.646937,0.0,21.8,0.5397
2026-06-21T01:29:56.769226,0.0,21.8,0.5397
2026-06-21T01:29:56.895760,0.0,21.8,0.5397
2026-06-21T01:29:57.032652,0.0,21.8,0.5397
2026-06-21T01:29:57.169904,0.0,21.8,0.5397
2026-06-21T01:29:57.298813,0.0,21.8,0.5397
2026-06-21T01:29:57.426050,0.0,21.8,0.5397
2026-06-21T01:29:57.552612,0.0,21.8,0.5397
2026-06-21T01:29:57.680262,0.0,21.8,0.5397
2026-06-21T01:29:57.807141,0.0,21.8,0.5397
2026-06-21T01:29:57.937326,0.0,21.8,0.5397
2026-06-21T01:29:58.064214,0.0,21.8,0.5397
2026-06-21T01:29:58.192214,0.0,21.8,0.5397
2026-06-21T01:29:58.314263,0.0,21.8,0.5397
2026-06-21T01:29:58.444075,0.0,21.8,0.5397
2026-06-21T01:29:58.572781,0.0,21.8,0.5397
2026-06-21T01:29:58.705210,0.0,21.8,0.5397
2026-06-21T01:29:58.832512,0.0,21.8,0.5397
2026-06-21T01:29:58.958672,0.0,21.8,0.5397
2026-06-21T01:29:59.084214,0.0,21.8,0.5397
2026-06-21T01:29:59.214265,0.0,21.8,0.5397
2026-06-21T01:29:59.343777,0.0,21.8,0.5397
2026-06-21T01:29:59.473483,0.0,21.8,0.5397
2026-06-21T01:29:59.601122,0.0,21.8,0.5397
2026-06-21T01:29:59.724307,0.0,21.8,0.5397
2026-06-21T01:29:59.856423,0.0,21.8,0.5397
2026-06-21T01:29:59.986419,0.0,21.8,0.5397
2026-06-21T01:30:00.113032,0.0,21.8,0.5397
2026-06-21T01:30:00.243535,0.0,21.8,0.5397
2026-06-21T01:30:00.378888,0.0,21.8,0.5397
2026-06-21T01:30:00.505299,0.0,21.8,0.5397
2026-06-21T01:30:00.628485,0.0,21.8,0.5397
2026-06-21T01:30:00.753623,0.0,21.8,0.5397
2026-06-21T01:30:00.879135,0.0,21.8,0.5397
2026-06-21T01:30:01.006762,0.0,21.8,0.5397
2026-06-21T01:30:01.132074,0.0,21.8,0.5397
2026-06-21T01:30:01.260652,0.0,21.8,0.5397
2026-06-21T01:30:01.390329,0.0,21.8,0.5397
2026-06-21T01:30:01.518206,0.0,21.8,0.5397
2026-06-21T01:30:01.681576,0.0,21.8,0.5397
2026-06-21T01:30:01.806855,0.0,21.8,0.5397
2026-06-21T01:30:01.935428,0.0,21.8,0.5397
2026-06-21T01:30:02.060322,0.0,21.8,0.5397
2026-06-21T01:30:02.187567,0.0,21.8,0.5397
2026-06-21T01:30:02.318015,0.0,21.8,0.5397
2026-06-21T01:30:02.450304,0.0,21.8,0.5397
2026-06-21T01:30:02.578169,0.0,21.8,0.5397
2026-06-21T01:30:02.706940,0.0,21.8,0.5397
2026-06-21T01:30:02.836356,0.0,21.8,0.5397
2026-06-21T01:30:02.960924,0.0,21.8,0.5397
2026-06-21T01:30:03.092126,0.0,21.8,0.5397
2026-06-21T01:30:03.219468,0.0,21.8,0.5397
2026-06-21T01:30:03.347702,0.0,21.8,0.5397
2026-06-21T01:30:03.477650,0.0,21.8,0.5397
2026-06-21T01:30:03.604310,0.0,21.8,0.5397
2026-06-21T01:30:03.734344,0.0,21.8,0.5397
2026-06-21T01:30:03.857634,0.0,21.8,0.5397
2026-06-21T01:30:03.976294,0.0,21.8,0.5397
2026-06-21T01:30:04.100228,0.0,21.8,0.5397
2026-06-21T01:30:04.228708,0.0,21.8,0.5397
2026-06-21T01:30:04.359764,0.0,21.8,0.5397
2026-06-21T01:30:04.486474,0.0,21.8,0.5397
2026-06-21T01:30:04.613672,0.0,21.8,0.5397
2026-06-21T01:30:04.736435,0.0,21.8,0.5397
2026-06-21T01:30:04.859448,0.0,21.8,0.5397
2026-06-21T01:30:04.985791,0.0,21.8,0.5397
2026-06-21T01:30:05.109884,0.0,21.8,0.5397
2026-06-21T01:30:05.234548,0.0,21.8,0.5397
2026-06-21T01:30:05.361315,0.0,21.8,0.5397
2026-06-21T01:30:05.497158,0.0,21.8,0.5397
2026-06-21T01:30:05.622589,0.0,21.8,0.5397
2026-06-21T01:30:05.749051,0.0,21.8,0.5397
2026-06-21T01:30:05.878633,0.0,21.8,0.5397
2026-06-21T01:30:06.008419,0.0,21.8,0.5397
2026-06-21T01:30:06.135194,0.0,21.8,0.5397
2026-06-21T01:30:06.262413,0.0,21.8,0.5397
2026-06-21T01:30:06.394996,0.0,21.8,0.5397
2026-06-21T01:30:06.522564,0.0,21.8,0.5397
2026-06-21T01:30:06.646541,0.0,21.8,0.5397
2026-06-21T01:30:06.775459,0.0,21.8,0.5397
2026-06-21T01:30:06.907425,0.0,21.8,0.5397
2026-06-21T01:30:07.038847,0.0,21.8,0.5397
2026-06-21T01:30:07.164177,0.0,21.8,0.5397
2026-06-21T01:30:07.290065,0.0,21.8,0.5397
2026-06-21T01:30:07.414047,0.0,21.8,0.5397
2026-06-21T01:30:07.545913,0.0,21.8,0.5397
2026-06-21T01:30:07.677714,0.0,21.8,0.5397
2026-06-21T01:30:07.806937,0.0,21.8,0.5397
2026-06-21T01:30:07.942610,0.0,21.8,0.5397
2026-06-21T01:30:08.070583,0.0,21.8,0.5397
2026-06-21T01:30:08.200536,0.0,21.8,0.5397
2026-06-21T01:30:08.325041,0.0,21.8,0.5397
2026-06-21T01:30:08.449696,0.0,21.8,0.5397
2026-06-21T01:30:08.576702,0.0,21.8,0.5397
2026-06-21T01:30:08.703353,0.0,21.8,0.5397
2026-06-21T01:30:08.830558,0.0,21.8,0.5397
2026-06-21T01:30:08.953901,0.0,21.8,0.5397
2026-06-21T01:30:09.080966,0.0,21.8,0.5397
2026-06-21T01:30:09.222914,0.0,21.8,0.5397
2026-06-21T01:30:09.351887,0.0,21.8,0.5397
2026-06-21T01:30:09.480744,0.0,21.8,0.5397
2026-06-21T01:30:09.621995,0.0,21.8,0.5397
2026-06-21T01:30:09.752187,0.0,21.8,0.5397
2026-06-21T01:30:09.876672,0.0,21.8,0.5397
2026-06-21T01:30:10.027121,0.0,21.8,0.5397
2026-06-21T01:30:10.161065,0.0,21.8,0.5397
2026-06-21T01:30:10.300242,0.0,21.8,0.5397
2026-06-21T01:30:10.428998,0.0,21.8,0.5397
2026-06-21T01:30:10.554400,0.0,21.8,0.5397
2026-06-21T01:30:10.682334,0.0,21.8,0.5397
2026-06-21T01:30:10.807914,0.0,21.8,0.5397
2026-06-21T01:30:10.938008,0.0,21.8,0.5397
2026-06-21T01:30:11.065440,0.0,21.8,0.5397
2026-06-21T01:30:11.190058,0.0,21.8,0.5397
2026-06-21T01:30:11.319064,0.0,21.8,0.5397
2026-06-21T01:30:11.445928,0.0,21.8,0.5397
2026-06-21T01:30:11.572914,0.0,21.8,0.5397
2026-06-21T01:30:11.699924,0.0,21.8,0.5397
2026-06-21T01:30:11.826660,0.0,21.8,0.5397
2026-06-21T01:30:11.956318,0.0,21.8,0.5397
2026-06-21T01:30:12.100296,0.0,21.8,0.5397
2026-06-21T01:30:12.227098,0.0,21.8,0.5397
2026-06-21T01:30:12.362365,0.0,21.8,0.5397
2026-06-21T01:30:12.494778,0.0,21.8,0.5397
2026-06-21T01:30:12.621674,0.0,21.8,0.5397
2026-06-21T01:30:12.746391,0.0,21.8,0.5397
2026-06-21T01:30:12.878634,0.0,21.8,0.5397
2026-06-21T01:30:13.005962,0.0,21.8,0.5397
2026-06-21T01:30:13.136127,0.0,21.8,0.5397
2026-06-21T01:30:13.266413,0.0,21.8,0.5397
2026-06-21T01:30:13.397386,0.0,21.8,0.5397
2026-06-21T01:30:13.533212,0.0,21.8,0.5397
2026-06-21T01:30:13.661206,0.0,21.8,0.5397
2026-06-21T01:30:13.789766,0.0,21.8,0.5397
2026-06-21T01:30:13.921989,0.0,21.8,0.5397
2026-06-21T01:30:14.052601,0.0,21.8,0.5397
2026-06-21T01:30:14.182844,0.0,21.8,0.5397
2026-06-21T01:30:14.356652,0.0,21.8,0.5397
2026-06-21T01:30:14.532841,0.0,21.8,0.5397
2026-06-21T01:30:14.679279,0.0,21.8,0.5397
2026-06-21T01:30:14.807376,0.0,21.8,0.5397
2026-06-21T01:30:14.933349,0.0,21.8,0.5397
2026-06-21T01:30:15.072020,0.0,21.8,0.5397
2026-06-21T01:30:15.199995,0.0,21.8,0.5397
2026-06-21T01:30:15.330753,0.0,21.8,0.5397
2026-06-21T01:30:15.457497,0.0,21.8,0.5397
2026-06-21T01:30:15.584810,0.0,21.8,0.5397
2026-06-21T01:30:15.719515,0.0,21.8,0.5397
2026-06-21T01:30:15.848747,0.0,21.8,0.5397
2026-06-21T01:30:15.980148,0.0,21.8,0.5397
2026-06-21T01:30:16.119186,0.0,21.8,0.5397
2026-06-21T01:30:16.249270,0.0,21.8,0.5397
2026-06-21T01:30:16.378371,0.0,21.8,0.5397
2026-06-21T01:30:16.511183,0.0,21.8,0.5397
2026-06-21T01:30:16.645681,0.0,21.8,0.5397
2026-06-21T01:30:16.777390,0.0,21.8,0.5397
2026-06-21T01:30:16.907419,0.0,21.8,0.5397
2026-06-21T01:30:17.032397,0.0,21.8,0.5397
2026-06-21T01:30:17.168905,0.0,21.8,0.5397
2026-06-21T01:30:17.297923,0.0,21.8,0.5397
2026-06-21T01:30:17.424550,0.0,21.8,0.5397
2026-06-21T01:30:17.563494,0.0,21.8,0.5397
2026-06-21T01:30:17.690722,0.0,21.8,0.5397
2026-06-21T01:30:17.815921,0.0,21.8,0.5397
2026-06-21T01:30:17.943595,0.0,21.8,0.5397
2026-06-21T01:30:18.069228,0.0,21.8,0.5397
2026-06-21T01:30:18.212397,0.0,21.8,0.5397
2026-06-21T01:30:18.339756,0.0,21.8,0.5397
2026-06-21T01:30:18.473435,0.0,21.8,0.5397
2026-06-21T01:30:18.610341,0.0,21.8,0.5397
2026-06-21T01:30:18.733469,0.0,21.8,0.5397
2026-06-21T01:30:18.861554,0.0,21.8,0.5397
2026-06-21T01:30:18.994108,0.0,21.8,0.5397
2026-06-21T01:30:19.129112,0.0,21.8,0.5397
2026-06-21T01:30:19.254305,0.0,21.8,0.5397
2026-06-21T01:30:19.382540,0.0,21.8,0.5397
2026-06-21T01:30:19.509187,0.0,21.8,0.5397
2026-06-21T01:30:19.648169,0.0,21.8,0.5397
2026-06-21T01:30:19.773402,0.0,21.8,0.5397
2026-06-21T01:30:19.899541,0.0,21.8,0.5397
2026-06-21T01:30:20.031598,0.0,21.8,0.5397
2026-06-21T01:30:20.161432,0.0,21.8,0.5397
2026-06-21T01:30:20.286835,0.0,21.8,0.5397
2026-06-21T01:30:20.411588,0.0,21.8,0.5397
2026-06-21T01:30:20.538209,0.0,21.8,0.5397
2026-06-21T01:30:20.666278,0.0,21.8,0.5397
2026-06-21T01:30:20.788516,0.0,21.8,0.5397
2026-06-21T01:30:20.914027,0.0,21.8,0.5397
2026-06-21T01:30:21.038935,0.0,21.8,0.5397
2026-06-21T01:30:21.172842,0.0,21.8,0.5397
2026-06-21T01:30:21.303147,0.0,21.8,0.5397
2026-06-21T01:30:21.429207,0.0,21.8,0.5397
2026-06-21T01:30:21.556616,0.0,21.8,0.5397
2026-06-21T01:30:21.692357,0.0,21.8,0.5397
2026-06-21T01:30:21.824649,0.0,21.8,0.5397
2026-06-21T01:30:21.951430,0.0,21.8,0.5397
2026-06-21T01:30:22.083048,0.0,21.8,0.5397
2026-06-21T01:30:22.211131,0.0,21.8,0.5397
2026-06-21T01:30:22.338049,0.0,21.8,0.5397
2026-06-21T01:30:22.462430,0.0,21.8,0.5397
2026-06-21T01:30:22.587404,0.0,21.8,0.5397
2026-06-21T01:30:22.714201,0.0,21.8,0.5397
2026-06-21T01:30:22.844566,0.0,21.8,0.5397
2026-06-21T01:30:22.987839,0.0,21.8,0.5397
2026-06-21T01:30:23.115294,0.0,21.8,0.5397
2026-06-21T01:30:23.243914,0.0,21.8,0.5397
2026-06-21T01:30:23.372313,0.0,21.8,0.5397
2026-06-21T01:30:23.500184,0.0,21.8,0.5397
2026-06-21T01:30:23.624947,0.0,21.8,0.5397
2026-06-21T01:30:23.762384,0.0,21.8,0.5397
2026-06-21T01:30:23.894117,0.0,21.8,0.5397
2026-06-21T01:30:24.019660,0.0,21.8,0.5397
2026-06-21T01:30:24.151169,0.0,21.8,0.5397
2026-06-21T01:30:24.304524,0.0,21.8,0.5397
2026-06-21T01:30:24.439555,0.0,21.8,0.5397
2026-06-21T01:30:24.593722,0.0,21.8,0.5397
2026-06-21T01:30:24.718316,0.0,21.8,0.5397
2026-06-21T01:30:24.842057,0.0,21.8,0.5397
2026-06-21T01:30:24.966646,0.0,21.8,0.5397
2026-06-21T01:30:25.093481,0.0,21.8,0.5397
2026-06-21T01:30:25.218222,0.0,21.8,0.5397
2026-06-21T01:30:25.345166,0.0,21.8,0.5397
2026-06-21T01:30:25.475805,0.0,21.8,0.5397
2026-06-21T01:30:25.597063,0.0,21.8,0.5397
2026-06-21T01:30:25.723089,0.0,21.8,0.5397
2026-06-21T01:30:25.857921,0.0,21.8,0.5397
2026-06-21T01:30:25.991307,0.0,21.8,0.5397
2026-06-21T01:30:26.116567,0.0,21.8,0.5397
2026-06-21T01:30:26.274820,0.0,21.8,0.5397
2026-06-21T01:30:26.399970,0.0,21.8,0.5397
2026-06-21T01:30:26.533816,0.0,21.8,0.5397
2026-06-21T01:30:26.655683,0.0,21.8,0.5397
2026-06-21T01:30:26.781188,0.0,21.8,0.5397
2026-06-21T01:30:26.910936,0.0,21.8,0.5397
2026-06-21T01:30:27.035938,0.0,21.8,0.5397
2026-06-21T01:30:27.168184,0.0,21.8,0.5397
2026-06-21T01:30:27.296600,0.0,21.8,0.5397
2026-06-21T01:30:27.422725,0.0,21.8,0.5397
2026-06-21T01:30:27.553664,0.0,21.8,0.5397
2026-06-21T01:30:27.682156,0.0,21.8,0.5397
2026-06-21T01:30:27.810991,0.0,21.8,0.5397
2026-06-21T01:30:27.937088,0.0,21.8,0.5397
2026-06-21T01:30:28.078774,0.0,21.8,0.5397
2026-06-21T01:30:28.202850,0.0,21.8,0.5397
2026-06-21T01:30:28.333471,0.0,21.8,0.5397
2026-06-21T01:30:28.462852,0.0,21.8,0.5397
2026-06-21T01:30:28.589463,0.0,21.8,0.5397
2026-06-21T01:30:28.720988,0.0,21.8,0.5397
2026-06-21T01:30:28.846316,0.0,21.8,0.5397
2026-06-21T01:30:28.972416,0.0,21.8,0.5397
2026-06-21T01:30:29.104409,0.0,21.8,0.5397
2026-06-21T01:30:29.234473,0.0,21.8,0.5397
2026-06-21T01:30:29.373258,0.0,21.8,0.5397
2026-06-21T01:30:29.497695,0.0,21.8,0.5397
2026-06-21T01:30:29.626535,0.0,21.8,0.5397
2026-06-21T01:30:29.748902,0.0,21.8,0.5397
2026-06-21T01:30:29.878886,0.0,21.8,0.5397
2026-06-21T01:30:30.005685,0.0,21.8,0.5397
2026-06-21T01:30:30.133989,0.0,21.8,0.5397
2026-06-21T01:30:30.255535,0.0,21.8,0.5397
2026-06-21T01:30:30.388753,0.0,21.8,0.5397
2026-06-21T01:30:30.517398,0.0,21.8,0.5397
2026-06-21T01:30:30.639358,0.0,21.8,0.5397
2026-06-21T01:30:30.767553,0.0,21.8,0.5397
2026-06-21T01:30:30.894022,0.0,21.8,0.5397
2026-06-21T01:30:31.023288,0.0,21.8,0.5397
2026-06-21T01:30:31.147536,0.0,21.8,0.5397
2026-06-21T01:30:31.273334,0.0,21.8,0.5397
2026-06-21T01:30:31.398556,0.0,21.8,0.5397
2026-06-21T01:30:31.529877,0.0,21.8,0.5397
2026-06-21T01:30:31.668868,0.0,21.8,0.5397
2026-06-21T01:30:31.791132,0.0,21.8,0.5397
2026-06-21T01:30:31.916409,0.0,21.8,0.5397
2026-06-21T01:30:32.057250,0.0,21.8,0.5397
2026-06-21T01:30:32.183558,0.0,21.8,0.5397
2026-06-21T01:30:32.309451,0.0,21.8,0.5397
2026-06-21T01:30:32.437704,0.0,21.8,0.5397
2026-06-21T01:30:32.566612,0.0,21.8,0.5397
2026-06-21T01:30:32.694471,0.0,21.8,0.5397
2026-06-21T01:30:32.822983,0.0,21.8,0.5397
2026-06-21T01:30:32.950976,0.0,21.8,0.5397
2026-06-21T01:30:33.076910,0.0,21.8,0.5397
2026-06-21T01:30:33.205188,0.0,21.8,0.5397
2026-06-21T01:30:33.330298,0.0,21.8,0.5397
2026-06-21T01:30:33.451415,0.0,21.8,0.5397
2026-06-21T01:30:33.580828,0.0,21.8,0.5397
2026-06-21T01:30:33.711096,0.0,21.8,0.5397
2026-06-21T01:30:33.840253,0.0,21.8,0.5397
2026-06-21T01:30:33.965962,0.0,21.8,0.5397
2026-06-21T01:30:34.171614,0.0,21.8,0.5397
2026-06-21T01:30:34.305229,0.0,21.8,0.5397
2026-06-21T01:30:34.446123,0.0,21.8,0.5397
2026-06-21T01:30:34.593324,0.0,21.8,0.5397
2026-06-21T01:30:34.742809,0.0,21.8,0.5397
2026-06-21T01:30:34.868395,0.0,21.8,0.5397
2026-06-21T01:30:34.999487,0.0,21.8,0.5397
2026-06-21T01:30:35.125568,0.0,21.8,0.5397
2026-06-21T01:30:35.252388,0.0,21.8,0.5397
2026-06-21T01:30:35.379976,0.0,21.8,0.5397
2026-06-21T01:30:35.507905,0.0,21.8,0.5397
2026-06-21T01:30:35.635816,0.0,21.8,0.5397
2026-06-21T01:30:35.760393,0.0,21.8,0.5397
2026-06-21T01:30:35.889537,0.0,21.8,0.5397
2026-06-21T01:30:36.023205,0.0,21.8,0.5397
2026-06-21T01:30:36.151050,0.0,21.8,0.5397
2026-06-21T01:30:36.285417,0.0,21.8,0.5397
2026-06-21T01:30:36.410552,0.0,21.8,0.5397
2026-06-21T01:30:36.539713,0.0,21.8,0.5397
2026-06-21T01:30:36.668333,0.0,21.8,0.5397
2026-06-21T01:30:36.802803,0.0,21.8,0.5397
2026-06-21T01:30:36.932866,0.0,21.8,0.5397
2026-06-21T01:30:37.063140,0.0,21.8,0.5397
2026-06-21T01:30:37.199002,0.0,21.8,0.5397
2026-06-21T01:30:37.338122,0.0,21.8,0.5397
2026-06-21T01:30:37.469208,0.0,21.8,0.5397
2026-06-21T01:30:37.598423,0.0,21.8,0.5397
2026-06-21T01:30:37.727864,0.0,21.8,0.5397
2026-06-21T01:30:37.855921,0.0,21.8,0.5397
2026-06-21T01:30:37.984335,0.0,21.8,0.5397
2026-06-21T01:30:38.111922,0.0,21.8,0.5397
2026-06-21T01:30:38.241399,0.0,21.8,0.5397
2026-06-21T01:30:38.374279,0.0,21.8,0.5397
2026-06-21T01:30:38.499005,0.0,21.8,0.5397
2026-06-21T01:30:38.633934,0.0,21.8,0.5397
2026-06-21T01:30:38.762690,0.0,21.8,0.5397
2026-06-21T01:30:38.891953,0.0,21.8,0.5397
2026-06-21T01:30:39.016610,0.0,21.8,0.5397
2026-06-21T01:30:39.145254,0.0,21.8,0.5397
2026-06-21T01:30:39.275896,0.0,21.8,0.5397
2026-06-21T01:30:39.404547,0.0,21.8,0.5397
2026-06-21T01:30:39.558722,0.0,21.8,0.5397
2026-06-21T01:30:39.695499,0.0,21.8,0.5397
2026-06-21T01:30:39.819663,0.0,21.8,0.5397
2026-06-21T01:30:39.943162,0.0,21.8,0.5397
2026-06-21T01:30:40.074959,0.0,21.8,0.5397
2026-06-21T01:30:40.206892,0.0,21.8,0.5397
2026-06-21T01:30:40.333516,0.0,21.8,0.5397
2026-06-21T01:30:40.469555,0.0,21.8,0.5397
2026-06-21T01:30:40.597031,0.0,21.8,0.5397
2026-06-21T01:30:40.726244,0.0,21.8,0.5397
2026-06-21T01:30:40.853292,0.0,21.8,0.5397
2026-06-21T01:30:40.988616,0.0,21.8,0.5397
2026-06-21T01:30:41.120030,0.0,21.8,0.5397
2026-06-21T01:30:41.265611,0.0,21.8,0.5397
2026-06-21T01:30:41.394325,0.0,21.8,0.5397
2026-06-21T01:30:41.524819,0.0,21.8,0.5397
2026-06-21T01:30:41.655727,0.0,21.8,0.5397
2026-06-21T01:30:41.788186,0.0,21.8,0.5397
2026-06-21T01:30:41.911724,0.0,21.8,0.5397
2026-06-21T01:30:42.043665,0.0,21.8,0.5397
2026-06-21T01:30:42.169621,0.0,21.8,0.5397
2026-06-21T01:30:42.299787,0.0,21.8,0.5397
2026-06-21T01:30:42.427542,0.0,21.8,0.5397
2026-06-21T01:30:42.560715,0.0,21.8,0.5397
2026-06-21T01:30:42.691176,0.0,21.8,0.5397
2026-06-21T01:30:42.820434,0.0,21.8,0.5397
2026-06-21T01:30:42.948370,0.0,21.8,0.5397
2026-06-21T01:30:43.081167,0.0,21.8,0.5397
2026-06-21T01:30:43.220159,0.0,21.8,0.5397
2026-06-21T01:30:43.348578,0.0,21.8,0.5397
2026-06-21T01:30:43.477573,0.0,21.8,0.5397
2026-06-21T01:30:43.602860,0.0,21.8,0.5397
2026-06-21T01:30:43.729570,0.0,21.8,0.5397
2026-06-21T01:30:43.862328,0.0,21.8,0.5397
2026-06-21T01:30:43.987687,0.0,21.8,0.5397
2026-06-21T01:30:44.120046,0.0,21.8,0.5397
2026-06-21T01:30:44.248901,0.0,21.8,0.5397
2026-06-21T01:30:44.378249,0.0,21.8,0.5397
2026-06-21T01:30:44.510913,0.0,21.8,0.5397
2026-06-21T01:30:44.635440,0.0,21.8,0.5397
2026-06-21T01:30:44.762138,0.0,21.8,0.5397
2026-06-21T01:30:44.892806,0.0,21.8,0.5397
2026-06-21T01:30:45.043142,0.0,21.8,0.5397
2026-06-21T01:30:45.176761,0.0,21.8,0.5397
2026-06-21T01:30:45.314498,0.0,21.8,0.5397
2026-06-21T01:30:45.443012,0.0,21.8,0.5397
2026-06-21T01:30:45.569406,0.0,21.8,0.5397
2026-06-21T01:30:45.702551,0.0,21.8,0.5397
2026-06-21T01:30:45.829329,0.0,21.8,0.5397
2026-06-21T01:30:45.959911,0.0,21.8,0.5397
2026-06-21T01:30:46.088997,0.0,21.8,0.5397
2026-06-21T01:30:46.219900,0.0,21.8,0.5397
2026-06-21T01:30:46.348583,0.0,21.8,0.5397
2026-06-21T01:30:46.473663,0.0,21.8,0.5397
2026-06-21T01:30:46.604571,0.0,21.8,0.5397
2026-06-21T01:30:46.732211,0.0,21.8,0.5397
2026-06-21T01:30:46.860971,0.0,21.8,0.5397
2026-06-21T01:30:46.990125,0.0,21.8,0.5397
2026-06-21T01:30:47.120743,0.0,21.8,0.5397
2026-06-21T01:30:47.254224,0.0,21.8,0.5397
2026-06-21T01:30:47.384505,0.0,21.8,0.5397
2026-06-21T01:30:47.517843,0.0,21.8,0.5397
2026-06-21T01:30:47.653678,0.0,21.8,0.5397
2026-06-21T01:30:47.790286,0.0,21.8,0.5397
2026-06-21T01:30:47.915391,0.0,21.8,0.5397
2026-06-21T01:30:48.048026,0.0,21.8,0.5397
2026-06-21T01:30:48.174921,0.0,21.8,0.5397
2026-06-21T01:30:48.395519,0.0,21.8,0.5397
2026-06-21T01:30:48.537870,0.0,21.8,0.5397
2026-06-21T01:30:48.677070,0.0,21.8,0.5397
2026-06-21T01:30:48.807754,0.0,21.8,0.5397
2026-06-21T01:30:48.935315,0.0,21.8,0.5397
2026-06-21T01:30:49.068274,0.0,21.8,0.5397
2026-06-21T01:30:49.200301,0.0,21.8,0.5397
2026-06-21T01:30:49.335346,0.0,21.8,0.5397
2026-06-21T01:30:49.478275,0.0,21.8,0.5397
2026-06-21T01:30:49.608796,0.0,21.8,0.5397
2026-06-21T01:30:49.744038,0.0,21.8,0.5397
2026-06-21T01:30:49.875839,0.0,21.8,0.5397
2026-06-21T01:30:50.004564,0.0,21.8,0.5397
2026-06-21T01:30:50.130398,0.0,21.8,0.5397
2026-06-21T01:30:50.263444,0.0,21.8,0.5397
2026-06-21T01:30:50.398311,0.0,21.8,0.5397
2026-06-21T01:30:50.544848,0.0,21.8,0.5397
2026-06-21T01:30:50.672440,0.0,21.8,0.5397
2026-06-21T01:30:50.802177,0.0,21.8,0.5397
2026-06-21T01:30:50.933437,0.0,21.8,0.5397
2026-06-21T01:30:51.058702,0.0,21.8,0.5397
2026-06-21T01:30:51.185262,0.0,21.8,0.5397
2026-06-21T01:30:51.313441,0.0,21.8,0.5397
2026-06-21T01:30:51.442582,0.0,21.8,0.5397
2026-06-21T01:30:51.568078,0.0,21.8,0.5397
2026-06-21T01:30:51.701093,0.0,21.8,0.5397
2026-06-21T01:30:51.840593,0.0,21.8,0.5397
2026-06-21T01:30:51.972659,0.0,21.8,0.5397
2026-06-21T01:30:52.104601,0.0,21.8,0.5397
2026-06-21T01:30:52.238112,0.0,21.8,0.5397
2026-06-21T01:30:52.366650,0.0,21.8,0.5397
2026-06-21T01:30:52.498608,0.0,21.8,0.5397
2026-06-21T01:30:52.624768,0.0,21.8,0.5397
2026-06-21T01:30:52.759747,0.0,21.8,0.5397
2026-06-21T01:30:52.894417,0.0,21.8,0.5397
2026-06-21T01:30:53.022437,0.0,21.8,0.5397
2026-06-21T01:30:53.148143,0.0,21.8,0.5397
2026-06-21T01:30:53.281550,0.0,21.8,0.5397
2026-06-21T01:30:53.416443,0.0,21.8,0.5397
2026-06-21T01:30:53.546648,0.0,21.8,0.5397
2026-06-21T01:30:53.676849,0.0,21.8,0.5397
2026-06-21T01:30:53.804414,0.0,21.8,0.5397
2026-06-21T01:30:53.931441,0.0,21.8,0.5397
2026-06-21T01:30:54.060232,0.0,21.8,0.5397
2026-06-21T01:30:54.187393,0.0,21.8,0.5397
2026-06-21T01:30:54.318052,0.0,21.8,0.5397
2026-06-21T01:30:54.446511,0.0,21.8,0.5397
2026-06-21T01:30:54.572106,0.0,21.8,0.5397
2026-06-21T01:30:54.700678,0.0,21.8,0.5397
2026-06-21T01:30:54.836542,0.0,21.8,0.5397
2026-06-21T01:30:54.966596,0.0,21.8,0.5397
2026-06-21T01:30:55.095525,0.0,21.8,0.5397
2026-06-21T01:30:55.224675,0.0,21.8,0.5397
2026-06-21T01:30:55.357363,0.0,21.8,0.5397
2026-06-21T01:30:55.488461,0.0,21.8,0.5397
2026-06-21T01:30:55.615369,0.0,21.8,0.5397
2026-06-21T01:30:55.741689,0.0,21.8,0.5397
2026-06-21T01:30:55.869459,0.0,21.8,0.5397
2026-06-21T01:30:55.997819,0.0,21.8,0.5397
2026-06-21T01:30:56.121544,0.0,21.8,0.5397
2026-06-21T01:30:56.248071,0.0,21.8,0.5397
2026-06-21T01:30:56.379124,0.0,21.8,0.5397
2026-06-21T01:30:56.504045,0.0,21.8,0.5397
2026-06-21T01:30:56.633164,0.0,21.8,0.5397
2026-06-21T01:30:56.763611,0.0,21.8,0.5397
2026-06-21T01:30:56.890940,0.0,21.8,0.5397
2026-06-21T01:30:57.021686,0.0,21.8,0.5397
2026-06-21T01:30:57.184073,0.0,21.8,0.5397
2026-06-21T01:30:57.316766,0.0,21.8,0.5397
2026-06-21T01:30:57.450935,0.0,21.8,0.5397
2026-06-21T01:30:57.584167,0.0,21.8,0.5397
2026-06-21T01:30:57.712726,0.0,21.8,0.5397
2026-06-21T01:30:57.846065,0.0,21.8,0.5397
2026-06-21T01:30:57.978792,0.0,21.8,0.5397
2026-06-21T01:30:58.107458,0.0,21.8,0.5397
2026-06-21T01:30:58.230438,0.0,21.8,0.5397
2026-06-21T01:30:58.359463,0.0,21.8,0.5397
2026-06-21T01:30:58.526338,0.0,21.8,0.5397
2026-06-21T01:30:58.658281,0.0,21.8,0.5397
2026-06-21T01:30:58.797218,0.0,21.8,0.5397
2026-06-21T01:30:58.945995,0.0,21.8,0.5397
2026-06-21T01:30:59.074517,0.0,21.8,0.5397
2026-06-21T01:30:59.201302,0.0,21.8,0.5397
2026-06-21T01:30:59.328170,0.0,21.8,0.5397
2026-06-21T01:30:59.460146,0.0,21.8,0.5397
2026-06-21T01:30:59.585272,0.0,21.8,0.5397
2026-06-21T01:30:59.716790,0.0,21.8,0.5397
2026-06-21T01:30:59.844109,0.0,21.8,0.5397
2026-06-21T01:30:59.969288,0.0,21.8,0.5397
2026-06-21T01:31:00.093956,0.0,21.8,0.5397
2026-06-21T01:31:00.218781,0.0,21.8,0.5397
2026-06-21T01:31:00.343975,0.0,21.8,0.5397
2026-06-21T01:31:00.475572,0.0,21.8,0.5397
2026-06-21T01:31:00.596796,0.0,21.8,0.5397
2026-06-21T01:31:00.725576,0.0,21.8,0.5397
2026-06-21T01:31:00.858096,0.0,21.8,0.5397
2026-06-21T01:31:00.984656,0.0,21.8,0.5397
2026-06-21T01:31:01.113632,0.0,21.8,0.5397
2026-06-21T01:31:01.242415,0.0,21.8,0.5397
2026-06-21T01:31:01.373890,0.0,21.8,0.5397
2026-06-21T01:31:01.503754,0.0,21.8,0.5397
2026-06-21T01:31:01.634651,0.0,21.8,0.5397
2026-06-21T01:31:01.761593,0.0,21.8,0.5397
2026-06-21T01:31:01.893262,0.0,21.8,0.5397
2026-06-21T01:31:02.022074,0.0,21.8,0.5397
2026-06-21T01:31:02.144800,0.0,21.8,0.5397
2026-06-21T01:31:02.271676,0.0,21.8,0.5397
2026-06-21T01:31:02.398746,0.0,21.8,0.5397
2026-06-21T01:31:02.534107,0.0,21.8,0.5397
2026-06-21T01:31:02.668885,0.0,21.8,0.5397
2026-06-21T01:31:02.793625,0.0,21.8,0.5397
2026-06-21T01:31:02.927347,0.0,21.8,0.5397
2026-06-21T01:31:03.057274,0.0,21.8,0.5397
2026-06-21T01:31:03.182305,0.0,21.8,0.5397
2026-06-21T01:31:03.309112,0.0,21.8,0.5397
2026-06-21T01:31:03.440055,0.0,21.8,0.5397
2026-06-21T01:31:03.576843,0.0,21.8,0.5397
2026-06-21T01:31:03.708105,0.0,21.8,0.5397
2026-06-21T01:31:03.836437,0.0,21.8,0.5397
2026-06-21T01:31:03.968910,0.0,21.8,0.5397
2026-06-21T01:31:04.104329,0.0,21.8,0.5397
2026-06-21T01:31:04.253314,0.0,21.8,0.5397
2026-06-21T01:31:04.389364,0.0,21.8,0.5397
2026-06-21T01:31:04.514622,0.0,21.8,0.5397
2026-06-21T01:31:04.643055,0.0,21.8,0.5397
2026-06-21T01:31:04.765877,0.0,21.8,0.5397
2026-06-21T01:31:04.894002,0.0,21.8,0.5397
2026-06-21T01:31:05.051415,0.0,21.8,0.5397
2026-06-21T01:31:05.183376,0.0,21.8,0.5397
2026-06-21T01:31:05.319288,0.0,21.8,0.5397
2026-06-21T01:31:05.452507,0.0,21.8,0.5397
2026-06-21T01:31:05.582828,0.0,21.8,0.5397
2026-06-21T01:31:05.714187,0.0,21.8,0.5397
2026-06-21T01:31:05.842885,0.0,21.8,0.5397
2026-06-21T01:31:05.971470,0.0,21.8,0.5397
2026-06-21T01:31:06.097253,0.0,21.8,0.5397
2026-06-21T01:31:06.231873,0.0,21.8,0.5397
2026-06-21T01:31:06.369027,0.0,21.8,0.5397
2026-06-21T01:31:06.501166,0.0,21.8,0.5397
2026-06-21T01:31:06.628206,0.0,21.8,0.5397
2026-06-21T01:31:06.763252,0.0,21.8,0.5397
2026-06-21T01:31:06.891795,0.0,21.8,0.5397
2026-06-21T01:31:07.021629,0.0,21.8,0.5397
2026-06-21T01:31:07.155474,0.0,21.8,0.5397
2026-06-21T01:31:07.284254,0.0,21.8,0.5397
2026-06-21T01:31:07.419294,0.0,21.8,0.5397
2026-06-21T01:31:07.550001,0.0,21.8,0.5397
2026-06-21T01:31:07.682919,0.0,21.8,0.5397
2026-06-21T01:31:07.815289,0.0,21.8,0.5397
2026-06-21T01:31:07.955195,0.0,21.8,0.5397
2026-06-21T01:31:08.088604,0.0,21.8,0.5397
2026-06-21T01:31:08.213575,0.0,21.8,0.5397
2026-06-21T01:31:08.340566,0.0,21.8,0.5397
2026-06-21T01:31:08.469607,0.0,21.8,0.5397
2026-06-21T01:31:08.595085,0.0,21.8,0.5397
2026-06-21T01:31:08.723529,0.0,21.8,0.5397
2026-06-21T01:31:08.848397,0.0,21.8,0.5397
2026-06-21T01:31:08.971964,0.0,21.8,0.5397
2026-06-21T01:31:09.102987,0.0,21.8,0.5397
2026-06-21T01:31:09.229483,0.0,21.8,0.5397
2026-06-21T01:31:09.354638,0.0,21.8,0.5397
2026-06-21T01:31:09.483836,0.0,21.8,0.5397
2026-06-21T01:31:09.616080,0.0,21.8,0.5397
2026-06-21T01:31:09.744713,0.0,21.8,0.5397
2026-06-21T01:31:09.870276,0.0,21.8,0.5397
2026-06-21T01:31:09.999619,0.0,21.8,0.5397
2026-06-21T01:31:10.126178,0.0,21.8,0.5397
2026-06-21T01:31:10.254905,0.0,21.8,0.5397
2026-06-21T01:31:10.382141,0.0,21.8,0.5397
2026-06-21T01:31:10.512401,0.0,21.8,0.5397
2026-06-21T01:31:10.635794,0.0,21.8,0.5397
2026-06-21T01:31:10.760681,0.0,21.8,0.5397
2026-06-21T01:31:10.891631,0.0,21.8,0.5397
2026-06-21T01:31:11.020749,0.0,21.8,0.5397
2026-06-21T01:31:11.144052,0.0,21.8,0.5397
2026-06-21T01:31:11.272402,0.0,21.8,0.5397
2026-06-21T01:31:11.401861,0.0,21.8,0.5397
2026-06-21T01:31:11.530510,0.0,21.8,0.5397
2026-06-21T01:31:11.661638,0.0,21.8,0.5397
2026-06-21T01:31:11.789001,0.0,21.8,0.5397
2026-06-21T01:31:11.914633,0.0,21.8,0.5397
2026-06-21T01:31:12.038182,0.0,21.8,0.5397
2026-06-21T01:31:12.163246,0.0,21.8,0.5397
2026-06-21T01:31:12.292148,0.0,21.8,0.5397
2026-06-21T01:31:12.417356,0.0,21.8,0.5397
2026-06-21T01:31:12.542248,0.0,21.8,0.5397
2026-06-21T01:31:12.673644,0.0,21.8,0.5397
2026-06-21T01:31:12.810417,0.0,21.8,0.5397
2026-06-21T01:31:12.940667,0.0,21.8,0.5397
2026-06-21T01:31:13.067296,0.0,21.8,0.5397
2026-06-21T01:31:13.191070,0.0,21.8,0.5397
2026-06-21T01:31:13.327185,0.0,21.8,0.5397
2026-06-21T01:31:13.455234,0.0,21.8,0.5397
2026-06-21T01:31:13.583216,0.0,21.8,0.5397
2026-06-21T01:31:13.714214,0.0,21.8,0.5397
2026-06-21T01:31:13.844631,0.0,21.8,0.5397
2026-06-21T01:31:13.973995,0.0,21.8,0.5397
2026-06-21T01:31:14.097195,0.0,21.8,0.5397
2026-06-21T01:31:14.223946,0.0,21.8,0.5397
2026-06-21T01:31:14.346930,0.0,21.8,0.5397
2026-06-21T01:31:14.474066,0.0,21.8,0.5397
2026-06-21T01:31:14.597011,0.0,21.8,0.5397
2026-06-21T01:31:14.725677,0.0,21.8,0.5397
2026-06-21T01:31:14.846794,0.0,21.8,0.5397
2026-06-21T01:31:14.975780,0.0,21.8,0.5397
2026-06-21T01:31:15.104750,0.0,21.8,0.5397
2026-06-21T01:31:15.231026,0.0,21.8,0.5397
2026-06-21T01:31:15.360991,0.0,21.8,0.5397
2026-06-21T01:31:15.489432,0.0,21.8,0.5397
2026-06-21T01:31:15.616427,0.0,21.8,0.5397
2026-06-21T01:31:15.745708,0.0,21.8,0.5397
2026-06-21T01:31:15.885466,0.0,21.8,0.5397
2026-06-21T01:31:16.012945,0.0,21.8,0.5397
2026-06-21T01:31:16.144512,0.0,21.8,0.5397
2026-06-21T01:31:16.275558,0.0,21.8,0.5397
2026-06-21T01:31:16.408605,0.0,21.8,0.5397
2026-06-21T01:31:16.534823,0.0,21.8,0.5397
2026-06-21T01:31:16.666579,0.0,21.8,0.5397
2026-06-21T01:31:16.793125,0.0,21.8,0.5397
2026-06-21T01:31:16.923188,0.0,21.8,0.5397
2026-06-21T01:31:17.062444,0.0,21.8,0.5397
2026-06-21T01:31:17.189232,0.0,21.8,0.5397
2026-06-21T01:31:17.318659,0.0,21.8,0.5397
2026-06-21T01:31:17.444494,0.0,21.8,0.5397
2026-06-21T01:31:17.569470,0.0,21.8,0.5397
2026-06-21T01:31:17.701257,0.0,21.8,0.5397
2026-06-21T01:31:17.829755,0.0,21.8,0.5397
2026-06-21T01:31:17.954526,0.0,21.8,0.5397
2026-06-21T01:31:18.083624,0.0,21.8,0.5397
2026-06-21T01:31:18.212815,0.0,21.8,0.5397
2026-06-21T01:31:18.337385,0.0,21.8,0.5397
2026-06-21T01:31:18.462469,0.0,21.8,0.5397
2026-06-21T01:31:18.593284,0.0,21.8,0.5397
2026-06-21T01:31:18.719264,0.0,21.8,0.5397
2026-06-21T01:31:18.851763,0.0,21.8,0.5397
2026-06-21T01:31:18.977623,0.0,21.8,0.5397
2026-06-21T01:31:19.103572,0.0,21.8,0.5397
2026-06-21T01:31:19.227884,0.0,21.8,0.5397
2026-06-21T01:31:19.353284,0.0,21.8,0.5397
2026-06-21T01:31:19.481244,0.0,21.8,0.5397
2026-06-21T01:31:19.606936,0.0,21.8,0.5397
2026-06-21T01:31:19.730955,0.0,21.8,0.5397
2026-06-21T01:31:19.854779,0.0,21.8,0.5397
2026-06-21T01:31:19.981619,0.0,21.8,0.5397
2026-06-21T01:31:20.187681,0.0,21.8,0.5397
2026-06-21T07:56:19.027286,0.0,35.88,0.5397
2026-06-21T07:56:19.031510,0.0,35.88,0.5397
2026-06-21T07:56:19.034373,0.0,35.88,0.5397
2026-06-21T07:56:19.036843,0.0,35.88,0.5397
2026-06-21T07:56:19.038826,0.0,35.88,0.5397
2026-06-21T07:56:19.040843,0.0,35.88,0.5397
2026-06-21T07:56:19.043314,0.0,35.88,0.5397
2026-06-21T07:56:19.046071,0.0,35.88,0.5397
2026-06-21T07:56:19.048093,0.0,35.88,0.5397
2026-06-21T07:56:19.050151,0.0,35.88,0.5397
2026-06-21T07:56:19.053124,0.0,35.88,0.5397
2026-06-21T07:56:19.055321,0.0,35.88,0.5397
2026-06-21T07:56:19.057237,0.0,35.88,0.5397
2026-06-21T07:56:19.059822,0.0,35.88,0.5397
2026-06-21T07:56:19.061968,0.0,35.88,0.5397
2026-06-21T07:56:19.063977,0.0,35.88,0.5397
2026-06-21T07:56:19.066137,0.0,35.88,0.5397
2026-06-21T07:56:19.068549,0.0,35.88,0.5397
2026-06-21T07:56:19.070813,0.0,35.88,0.5397
2026-06-21T07:56:19.073688,0.0,35.88,0.5397
2026-06-21T07:56:19.076039,0.0,35.88,0.5397
2026-06-21T07:56:19.078235,0.0,35.88,0.5397
2026-06-21T07:56:19.080163,0.0,35.88,0.5397
2026-06-21T07:56:19.082498,0.0,35.88,0.5397
2026-06-21T07:56:19.084517,0.0,35.88,0.5397
2026-06-21T07:56:19.086355,0.0,35.88,0.5397
2026-06-21T07:56:19.088177,0.0,35.88,0.5397
2026-06-21T07:56:19.090069,0.0,35.88,0.5397
2026-06-21T07:56:19.091818,0.0,35.88,0.5397
2026-06-21T07:56:19.093902,0.0,35.88,0.5397
2026-06-21T07:56:19.095672,0.0,35.88,0.5397
2026-06-21T07:56:19.097389,0.0,35.88,0.5397
2026-06-21T07:56:19.099114,0.0,35.88,0.5397
2026-06-21T07:56:19.100895,0.0,35.88,0.5397
2026-06-21T07:56:19.103009,0.0,35.88,0.5397
2026-06-21T07:56:19.104802,0.0,35.88,0.5397
2026-06-21T07:56:19.106889,0.0,35.88,0.5397
2026-06-21T07:56:19.108569,0.0,35.88,0.5397
2026-06-21T07:56:19.110576,0.0,35.88,0.5397
2026-06-21T07:56:19.112433,0.0,35.88,0.5397
2026-06-21T07:56:19.114071,0.0,35.88,0.5397
2026-06-21T07:56:19.115813,0.0,35.88,0.5397
2026-06-21T07:56:19.117981,0.0,35.88,0.5397
2026-06-21T07:56:19.119906,0.0,35.88,0.5397
2026-06-21T07:56:19.121640,0.0,35.88,0.5397
2026-06-21T07:56:19.123513,0.0,35.88,0.5397
2026-06-21T07:56:19.125343,0.0,35.88,0.5397
2026-06-21T07:56:19.127142,0.0,35.88,0.5397
2026-06-21T07:56:19.128872,0.0,35.88,0.5397
2026-06-21T07:56:19.130510,0.0,35.88,0.5397
2026-06-21T07:56:19.132982,0.0,35.88,0.5397
2026-06-21T07:56:19.135289,0.0,35.88,0.5397
2026-06-21T07:56:19.137026,0.0,35.88,0.5397
2026-06-21T07:56:19.138794,0.0,35.88,0.5397
2026-06-21T07:56:19.140515,0.0,35.88,0.5397
2026-06-21T07:56:19.142273,0.0,35.88,0.5397
2026-06-21T07:56:19.144400,0.0,35.88,0.5397
2026-06-21T07:56:19.146169,0.0,35.88,0.5397
2026-06-21T07:56:19.147894,0.0,35.88,0.5397
2026-06-21T07:56:19.149814,0.0,35.88,0.5397
2026-06-21T07:56:19.151910,0.0,35.88,0.5397
2026-06-21T07:56:19.153541,0.0,35.88,0.5397
2026-06-21T07:56:19.155456,0.0,35.88,0.5397
2026-06-21T07:56:19.157287,0.0,35.88,0.5397
2026-06-21T07:56:19.159437,0.0,35.88,0.5397
2026-06-21T07:56:19.161434,0.0,35.88,0.5397
2026-06-21T07:56:19.162992,0.0,35.88,0.5397
2026-06-21T07:56:19.164753,0.0,35.88,0.5397
2026-06-21T07:56:19.166973,0.0,35.88,0.5397
2026-06-21T07:56:19.168832,0.0,35.88,0.5397
2026-06-21T07:56:19.170553,0.0,35.88,0.5397
2026-06-21T07:56:19.172303,0.0,35.88,0.5397
2026-06-21T07:56:19.174078,0.0,35.88,0.5397
2026-06-21T07:56:19.176339,0.0,35.88,0.5397
2026-06-21T07:56:19.178356,0.0,35.88,0.5397
2026-06-21T07:56:19.180361,0.0,35.88,0.5397
2026-06-21T07:56:19.182342,0.0,35.88,0.5397
2026-06-21T07:56:19.184546,0.0,35.88,0.5397
2026-06-21T07:56:19.186440,0.0,35.88,0.5397
2026-06-21T07:56:19.188287,0.0,35.88,0.5397
2026-06-21T07:56:19.190235,0.0,35.88,0.5397
2026-06-21T07:56:19.192212,0.0,35.88,0.5397
2026-06-21T07:56:19.194586,0.0,35.88,0.5397
2026-06-21T07:56:19.196325,0.0,35.88,0.5397
2026-06-21T07:56:19.198064,0.0,35.88,0.5397
2026-06-21T07:56:19.199869,0.0,35.88,0.5397
2026-06-21T07:56:19.201848,0.0,35.88,0.5397
2026-06-21T07:56:19.203663,0.0,35.88,0.5397
2026-06-21T07:56:19.205365,0.0,35.88,0.5397
2026-06-21T07:56:19.207291,0.0,35.88,0.5397
2026-06-21T07:56:19.209199,0.0,35.88,0.5397
2026-06-21T07:56:19.211338,0.0,35.88,0.5397
2026-06-21T07:56:19.213089,0.0,35.88,0.5397
2026-06-21T07:56:19.214810,0.0,35.88,0.5397
2026-06-21T07:56:19.216640,0.0,35.88,0.5397
2026-06-21T07:56:19.218913,0.0,35.88,0.5397
2026-06-21T07:56:19.220671,0.0,35.88,0.5397
2026-06-21T07:56:19.222530,0.0,35.88,0.5397
2026-06-21T07:56:19.224460,0.0,35.88,0.5397
2026-06-21T07:56:19.226807,0.0,35.88,0.5397
2026-06-21T07:56:19.228705,0.0,35.88,0.5397
2026-06-21T07:56:19.230361,0.0,35.88,0.5397
2026-06-21T07:56:19.232200,0.0,35.88,0.5397
2026-06-21T07:56:19.234111,0.0,35.88,0.5397
2026-06-21T07:56:19.236311,0.0,35.88,0.5397
2026-06-21T07:56:19.239887,0.0,35.88,0.5397
2026-06-21T07:56:19.242030,0.0,35.88,0.5397
2026-06-21T07:56:19.244057,0.0,35.88,0.5397
2026-06-21T07:56:19.245954,0.0,35.88,0.5397
2026-06-21T07:56:19.247778,0.0,35.88,0.5397
2026-06-21T07:56:19.249665,0.0,35.88,0.5397
2026-06-21T07:56:19.251821,0.0,35.88,0.5397
2026-06-21T07:56:19.253623,0.0,35.88,0.5397
2026-06-21T07:56:19.255309,0.0,35.88,0.5397
2026-06-21T07:56:19.257304,0.0,35.88,0.5397
2026-06-21T07:56:19.259621,0.0,35.88,0.5397
2026-06-21T07:56:19.261549,0.0,35.88,0.5397
2026-06-21T07:56:19.263160,0.0,35.88,0.5397
2026-06-21T07:56:19.264998,0.0,35.88,0.5397
2026-06-21T07:56:19.266882,0.0,35.88,0.5397
2026-06-21T07:56:19.268755,0.0,35.88,0.5397
2026-06-21T07:56:19.270509,0.0,35.88,0.5397
2026-06-21T07:56:19.272710,0.0,35.88,0.5397
2026-06-21T07:56:19.274521,0.0,35.88,0.5397
2026-06-21T07:56:19.276742,0.0,35.88,0.5397
2026-06-21T07:56:19.278618,0.0,35.88,0.5397
2026-06-21T07:56:19.280265,0.0,35.88,0.5397
2026-06-21T07:56:19.282024,0.0,35.88,0.5397
2026-06-21T07:56:19.284205,0.0,35.88,0.5397
2026-06-21T07:56:19.285981,0.0,35.88,0.5397
2026-06-21T07:56:19.287739,0.0,35.88,0.5397
2026-06-21T07:56:19.289504,0.0,35.88,0.5397
2026-06-21T07:56:19.291303,0.0,35.88,0.5397
2026-06-21T07:56:19.293231,0.0,35.88,0.5397
2026-06-21T07:56:19.295245,0.0,35.88,0.5397
2026-06-21T07:56:19.296883,0.0,35.88,0.5397
2026-06-21T07:56:19.298811,0.0,35.88,0.5397
2026-06-21T07:56:19.301020,0.0,35.88,0.5397
2026-06-21T07:56:19.302836,0.0,35.88,0.5397
2026-06-21T07:56:19.304685,0.0,35.88,0.5397
2026-06-21T07:56:19.306633,0.0,35.88,0.5397
2026-06-21T07:56:19.308666,0.0,35.88,0.5397
2026-06-21T07:56:19.311548,0.0,35.88,0.5397
2026-06-21T07:56:19.313186,0.0,35.88,0.5397
2026-06-21T07:56:19.314911,0.0,35.88,0.5397
2026-06-21T07:56:19.316899,0.0,35.88,0.5397
2026-06-21T07:56:19.318808,0.0,35.88,0.5397
2026-06-21T07:56:19.320592,0.0,35.88,0.5397
2026-06-21T07:56:19.322362,0.0,35.88,0.5397
2026-06-21T07:56:19.324050,0.0,35.88,0.5397
2026-06-21T07:56:19.325765,0.0,35.88,0.5397
2026-06-21T07:56:19.327898,0.0,35.88,0.5397
2026-06-21T07:56:19.329581,0.0,35.88,0.5397
2026-06-21T07:56:19.331310,0.0,35.88,0.5397
2026-06-21T07:56:19.333200,0.0,35.88,0.5397
2026-06-21T07:56:19.335302,0.0,35.88,0.5397
2026-06-21T07:56:19.337026,0.0,35.88,0.5397
2026-06-21T07:56:19.338844,0.0,35.88,0.5397
2026-06-21T07:56:19.340662,0.0,35.88,0.5397
2026-06-21T07:56:19.342507,0.0,35.88,0.5397
2026-06-21T07:56:19.344724,0.0,35.88,0.5397
2026-06-21T07:56:19.346404,0.0,35.88,0.5397
2026-06-21T07:56:19.348087,0.0,35.88,0.5397
2026-06-21T07:56:19.349913,0.0,35.88,0.5397
2026-06-21T07:56:19.351775,0.0,35.88,0.5397
2026-06-21T07:56:19.353580,0.0,35.88,0.5397
2026-06-21T07:56:19.355468,0.0,35.88,0.5397
2026-06-21T07:56:19.357361,0.0,35.88,0.5397
2026-06-21T07:56:19.359643,0.0,35.88,0.5397
2026-06-21T07:56:19.361617,0.0,35.88,0.5397
2026-06-21T07:56:19.363292,0.0,35.88,0.5397
2026-06-21T07:56:19.365088,0.0,35.88,0.5397
2026-06-21T07:56:19.367334,0.0,35.88,0.5397
2026-06-21T07:56:19.369256,0.0,35.88,0.5397
2026-06-21T07:56:19.370879,0.0,35.88,0.5397
2026-06-21T07:56:19.372789,0.0,35.88,0.5397
2026-06-21T07:56:19.374725,0.0,35.88,0.5397
2026-06-21T07:56:19.376721,0.0,35.88,0.5397
2026-06-21T07:56:19.378711,0.0,35.88,0.5397
2026-06-21T07:56:19.380417,0.0,35.88,0.5397
2026-06-21T07:56:19.382153,0.0,35.88,0.5397
2026-06-21T07:56:19.384037,0.0,35.88,0.5397
2026-06-21T07:56:19.385917,0.0,35.88,0.5397
2026-06-21T07:56:19.387607,0.0,35.88,0.5397
2026-06-21T07:56:19.389408,0.0,35.88,0.5397
2026-06-21T07:56:19.391169,0.0,35.88,0.5397
2026-06-21T07:56:19.393163,0.0,35.88,0.5397
2026-06-21T07:56:19.395058,0.0,35.88,0.5397
2026-06-21T07:56:19.396677,0.0,35.88,0.5397
2026-06-21T07:56:19.398365,0.0,35.88,0.5397
2026-06-21T07:56:19.400358,0.0,35.88,0.5397
2026-06-21T07:56:19.402266,0.0,35.88,0.5397
2026-06-21T07:56:19.403890,0.0,35.88,0.5397
2026-06-21T07:56:19.405586,0.0,35.88,0.5397
2026-06-21T07:56:19.407342,0.0,35.88,0.5397
2026-06-21T07:56:19.409363,0.0,35.88,0.5397
2026-06-21T07:56:19.411210,0.0,35.88,0.5397
2026-06-21T07:56:19.412763,0.0,35.88,0.5397
2026-06-21T07:56:19.414587,0.0,35.88,0.5397
2026-06-21T07:56:19.416508,0.0,35.88,0.5397
2026-06-21T07:56:19.418732,0.0,35.88,0.5397
2026-06-21T07:56:19.420953,0.0,35.88,0.5397
2026-06-21T07:56:19.423165,0.0,35.88,0.5397
2026-06-21T07:56:19.424958,0.0,35.88,0.5397
2026-06-21T07:56:19.427178,0.0,35.88,0.5397
2026-06-21T07:56:19.429135,0.0,35.88,0.5397
2026-06-21T07:56:19.431171,0.0,35.88,0.5397
2026-06-21T07:56:19.433039,0.0,35.88,0.5397
2026-06-21T07:56:19.435372,0.0,35.88,0.5397
2026-06-21T07:56:19.436992,0.0,35.88,0.5397
2026-06-21T07:56:19.438555,0.0,35.88,0.5397
2026-06-21T07:56:19.441160,0.0,35.88,0.5397
2026-06-21T07:56:19.443459,0.0,35.88,0.5397
2026-06-21T07:56:19.445345,0.0,35.88,0.5397
2026-06-21T07:56:19.447068,0.0,35.88,0.5397
2026-06-21T07:56:19.448914,0.0,35.88,0.5397
2026-06-21T07:56:19.450753,0.0,35.88,0.5397
2026-06-21T07:56:19.453069,0.0,35.88,0.5397
2026-06-21T07:56:19.454682,0.0,35.88,0.5397
2026-06-21T07:56:19.456770,0.0,35.88,0.5397
2026-06-21T07:56:19.458695,0.0,35.88,0.5397
2026-06-21T07:56:19.460696,0.0,35.88,0.5397
2026-06-21T07:56:19.462468,0.0,35.88,0.5397
2026-06-21T07:56:19.464447,0.0,35.88,0.5397
2026-06-21T07:56:19.466266,0.0,35.88,0.5397
2026-06-21T07:56:19.468445,0.0,35.88,0.5397
2026-06-21T07:56:19.470399,0.0,35.88,0.5397
2026-06-21T07:56:19.472101,0.0,35.88,0.5397
2026-06-21T07:56:19.473994,0.0,35.88,0.5397
2026-06-21T07:56:19.476182,0.0,35.88,0.5397
2026-06-21T07:56:19.477906,0.0,35.88,0.5397
2026-06-21T07:56:19.479686,0.0,35.88,0.5397
2026-06-21T07:56:19.481449,0.0,35.88,0.5397
2026-06-21T07:56:19.483308,0.0,35.88,0.5397
2026-06-21T07:56:19.485375,0.0,35.88,0.5397
2026-06-21T07:56:19.487177,0.0,35.88,0.5397
2026-06-21T07:56:19.488854,0.0,35.88,0.5397
2026-06-21T07:56:19.490793,0.0,35.88,0.5397
2026-06-21T07:56:19.493123,0.0,35.88,0.5397
2026-06-21T07:56:19.494853,0.0,35.88,0.5397
2026-06-21T07:56:19.496664,0.0,35.88,0.5397
2026-06-21T07:56:19.498451,0.0,35.88,0.5397
2026-06-21T07:56:19.500578,0.0,35.88,0.5397
2026-06-21T07:56:19.531716,0.0,35.88,0.5397
2026-06-21T07:56:19.535363,0.0,35.88,0.5397
2026-06-21T07:56:19.544609,0.0,35.88,0.5397
2026-06-21T07:56:19.547000,0.0,35.88,0.5397
2026-06-21T07:56:19.548957,0.0,35.88,0.5397
2026-06-21T07:56:19.550766,0.0,35.88,0.5397
2026-06-21T07:56:19.552832,0.0,35.88,0.5397
2026-06-21T07:56:19.554807,0.0,35.88,0.5397
2026-06-21T07:56:19.556765,0.0,35.88,0.5397
2026-06-21T07:56:19.558658,0.0,35.88,0.5397
2026-06-21T07:56:19.560733,0.0,35.88,0.5397
2026-06-21T07:56:19.562416,0.0,35.88,0.5397
2026-06-21T07:56:19.564078,0.0,35.88,0.5397
2026-06-21T07:56:19.565950,0.0,35.88,0.5397
2026-06-21T07:56:19.568018,0.0,35.88,0.5397
2026-06-21T07:56:19.569740,0.0,35.88,0.5397
2026-06-21T07:56:19.571522,0.0,35.88,0.5397
2026-06-21T07:56:19.573431,0.0,35.88,0.5397
2026-06-21T07:56:19.575191,0.0,35.88,0.5397
2026-06-21T07:56:19.577148,0.0,35.88,0.5397
2026-06-21T07:56:19.578811,0.0,35.88,0.5397
2026-06-21T07:56:19.580390,0.0,35.88,0.5397
2026-06-21T07:56:19.582523,0.0,35.88,0.5397
2026-06-21T07:56:19.584800,0.0,35.88,0.5397
2026-06-21T07:56:19.586525,0.0,35.88,0.5397
2026-06-21T07:56:19.588251,0.0,35.88,0.5397
2026-06-21T07:56:19.589973,0.0,35.88,0.5397
2026-06-21T07:56:19.591750,0.0,35.88,0.5397
2026-06-21T07:56:19.593821,0.0,35.88,0.5397
2026-06-21T07:56:19.595529,0.0,35.88,0.5397
2026-06-21T07:56:19.597258,0.0,35.88,0.5397
2026-06-21T07:56:19.599202,0.0,35.88,0.5397
2026-06-21T07:56:19.600916,0.0,35.88,0.5397
2026-06-21T07:56:19.602836,0.0,35.88,0.5397
2026-06-21T07:56:19.604631,0.0,35.88,0.5397
2026-06-21T07:56:19.606297,0.0,35.88,0.5397
2026-06-21T07:56:19.607998,0.0,35.88,0.5397
2026-06-21T07:56:19.609945,0.0,35.88,0.5397
2026-06-21T07:56:19.611679,0.0,35.88,0.5397
2026-06-21T07:56:19.613163,0.0,35.88,0.5397
2026-06-21T07:56:19.614901,0.0,35.88,0.5397
2026-06-21T07:56:19.617007,0.0,35.88,0.5397
2026-06-21T07:56:19.619362,0.0,35.88,0.5397
2026-06-21T07:56:19.621235,0.0,35.88,0.5397
2026-06-21T07:56:19.623411,0.0,35.88,0.5397
2026-06-21T07:56:19.625756,0.0,35.88,0.5397
2026-06-21T07:56:19.628094,0.0,35.88,0.5397
2026-06-21T07:56:19.630100,0.0,35.88,0.5397
2026-06-21T07:56:19.632459,0.0,35.88,0.5397
2026-06-21T07:56:19.635135,0.0,35.88,0.5397
2026-06-21T07:56:19.637525,0.0,35.88,0.5397
2026-06-21T07:56:19.639828,0.0,35.88,0.5397
2026-06-21T07:56:19.642115,0.0,35.88,0.5397
2026-06-21T07:56:19.644804,0.0,35.88,0.5397
2026-06-21T07:56:19.646862,0.0,35.88,0.5397
2026-06-21T07:56:19.648808,0.0,35.88,0.5397
2026-06-21T07:56:19.651445,0.0,35.88,0.5397
2026-06-21T07:56:19.653788,0.0,35.88,0.5397
2026-06-21T07:56:19.655618,0.0,35.88,0.5397
2026-06-21T07:56:19.657472,0.0,35.88,0.5397
2026-06-21T07:56:19.659377,0.0,35.88,0.5397
2026-06-21T07:56:19.661252,0.0,35.88,0.5397
2026-06-21T07:56:19.662977,0.0,35.88,0.5397
2026-06-21T07:56:19.664837,0.0,35.88,0.5397
2026-06-21T07:56:19.666758,0.0,35.88,0.5397
2026-06-21T07:56:19.668931,0.0,35.88,0.5397
2026-06-21T07:56:19.670709,0.0,35.88,0.5397
2026-06-21T07:56:19.672514,0.0,35.88,0.5397
2026-06-21T07:56:19.674333,0.0,35.88,0.5397
2026-06-21T07:56:19.676236,0.0,35.88,0.5397
2026-06-21T07:56:19.678353,0.0,35.88,0.5397
2026-06-21T07:56:19.680149,0.0,35.88,0.5397
2026-06-21T07:56:19.682303,0.0,35.88,0.5397
2026-06-21T07:56:19.684356,0.0,35.88,0.5397
2026-06-21T07:56:19.686564,0.0,35.88,0.5397
2026-06-21T07:56:19.688418,0.0,35.88,0.5397
2026-06-21T07:56:19.690230,0.0,35.88,0.5397
2026-06-21T07:56:19.692034,0.0,35.88,0.5397
2026-06-21T07:56:19.694091,0.0,35.88,0.5397
2026-06-21T07:56:19.695821,0.0,35.88,0.5397
2026-06-21T07:56:19.697450,0.0,35.88,0.5397
2026-06-21T07:56:19.699370,0.0,35.88,0.5397
2026-06-21T07:56:19.701642,0.0,35.88,0.5397
2026-06-21T07:56:19.703433,0.0,35.88,0.5397
2026-06-21T07:56:19.705034,0.0,35.88,0.5397
2026-06-21T07:56:19.706726,0.0,35.88,0.5397
2026-06-21T07:56:19.708908,0.0,35.88,0.5397
2026-06-21T07:56:19.711189,0.0,35.88,0.5397
2026-06-21T07:56:19.712908,0.0,35.88,0.5397
2026-06-21T07:56:19.714776,0.0,35.88,0.5397
2026-06-21T07:56:19.716563,0.0,35.88,0.5397
2026-06-21T07:56:19.718515,0.0,35.88,0.5397
2026-06-21T07:56:19.720355,0.0,35.88,0.5397
2026-06-21T07:56:19.722019,0.0,35.88,0.5397
2026-06-21T07:56:19.723777,0.0,35.88,0.5397
2026-06-21T07:56:19.725856,0.0,35.88,0.5397
2026-06-21T07:56:19.727811,0.0,35.88,0.5397
2026-06-21T07:56:19.729426,0.0,35.88,0.5397
2026-06-21T07:56:19.731440,0.0,35.88,0.5397
2026-06-21T07:56:19.733477,0.0,35.88,0.5397
2026-06-21T07:56:19.735566,0.0,35.88,0.5397
2026-06-21T07:56:19.737466,0.0,35.88,0.5397
2026-06-21T07:56:19.739324,0.0,35.88,0.5397
2026-06-21T07:56:19.741080,0.0,35.88,0.5397
2026-06-21T07:56:19.742951,0.0,35.88,0.5397
2026-06-21T07:56:19.744931,0.0,35.88,0.5397
2026-06-21T07:56:19.746509,0.0,35.88,0.5397
2026-06-21T07:56:19.748481,0.0,35.88,0.5397
2026-06-21T07:56:19.750353,0.0,35.88,0.5397
2026-06-21T07:56:19.752185,0.0,35.88,0.5397
2026-06-21T07:56:19.754041,0.0,35.88,0.5397
2026-06-21T07:56:19.755712,0.0,35.88,0.5397
2026-06-21T07:56:19.757420,0.0,35.88,0.5397
2026-06-21T07:56:19.759612,0.0,35.88,0.5397
2026-06-21T07:56:19.761375,0.0,35.88,0.5397
2026-06-21T07:56:19.762986,0.0,35.88,0.5397
2026-06-21T07:56:19.764893,0.0,35.88,0.5397
2026-06-21T07:56:19.766699,0.0,35.88,0.5397
2026-06-21T07:56:19.768476,0.0,35.88,0.5397
2026-06-21T07:56:19.770360,0.0,35.88,0.5397
2026-06-21T07:56:19.771955,0.0,35.88,0.5397
2026-06-21T07:56:19.773695,0.0,35.88,0.5397
2026-06-21T07:56:19.775913,0.0,35.88,0.5397
2026-06-21T07:56:19.777819,0.0,35.88,0.5397
2026-06-21T07:56:19.779317,0.0,35.88,0.5397
2026-06-21T07:56:19.781100,0.0,35.88,0.5397
2026-06-21T07:56:19.782928,0.0,35.88,0.5397
2026-06-21T07:56:19.784885,0.0,35.88,0.5397
2026-06-21T07:56:19.786771,0.0,35.88,0.5397
2026-06-21T07:56:19.788389,0.0,35.88,0.5397
2026-06-21T07:56:19.790211,0.0,35.88,0.5397
2026-06-21T07:56:19.792085,0.0,35.88,0.5397
2026-06-21T07:56:19.794155,0.0,35.88,0.5397
2026-06-21T07:56:19.795816,0.0,35.88,0.5397
2026-06-21T07:56:19.797773,0.0,35.88,0.5397
2026-06-21T07:56:19.799667,0.0,35.88,0.5397
2026-06-21T07:56:19.801742,0.0,35.88,0.5397
2026-06-21T07:56:19.803561,0.0,35.88,0.5397
2026-06-21T07:56:19.805175,0.0,35.88,0.5397
2026-06-21T07:56:19.807578,0.0,35.88,0.5397
2026-06-21T07:56:19.809983,0.0,35.88,0.5397
2026-06-21T07:56:19.811756,0.0,35.88,0.5397
2026-06-21T07:56:19.813392,0.0,35.88,0.5397
2026-06-21T07:56:19.815239,0.0,35.88,0.5397
2026-06-21T07:56:19.817078,0.0,35.88,0.5397
2026-06-21T07:56:19.819064,0.0,35.88,0.5397
2026-06-21T07:56:19.820991,0.0,35.88,0.5397
2026-06-21T07:56:19.822760,0.0,35.88,0.5397
2026-06-21T07:56:19.824423,0.0,35.88,0.5397
2026-06-21T07:56:19.826554,0.0,35.88,0.5397
2026-06-21T07:56:19.828344,0.0,35.88,0.5397
2026-06-21T07:56:19.829902,0.0,35.88,0.5397
2026-06-21T07:56:19.831783,0.0,35.88,0.5397
2026-06-21T07:56:19.833965,0.0,35.88,0.5397
2026-06-21T07:56:19.836272,0.0,35.88,0.5397
2026-06-21T07:56:19.837991,0.0,35.88,0.5397
2026-06-21T07:56:19.839755,0.0,35.88,0.5397
2026-06-21T07:56:19.841643,0.0,35.88,0.5397
2026-06-21T07:56:19.843554,0.0,35.88,0.5397
2026-06-21T07:56:19.845367,0.0,35.88,0.5397
2026-06-21T07:56:19.847114,0.0,35.88,0.5397
2026-06-21T07:56:19.848994,0.0,35.88,0.5397
2026-06-21T07:56:19.851186,0.0,35.88,0.5397
2026-06-21T07:56:19.852979,0.0,35.88,0.5397
2026-06-21T07:56:19.854734,0.0,35.88,0.5397
2026-06-21T07:56:19.856466,0.0,35.88,0.5397
2026-06-21T07:56:19.858419,0.0,35.88,0.5397
2026-06-21T07:56:19.860476,0.0,35.88,0.5397
2026-06-21T07:56:19.862188,0.0,35.88,0.5397
2026-06-21T07:56:19.863927,0.0,35.88,0.5397
2026-06-21T07:56:19.865814,0.0,35.88,0.5397
2026-06-21T07:56:19.867654,0.0,35.88,0.5397
2026-06-21T07:56:19.869647,0.0,35.88,0.5397
2026-06-21T07:56:19.871334,0.0,35.88,0.5397
2026-06-21T07:56:19.872989,0.0,35.88,0.5397
2026-06-21T07:56:19.874826,0.0,35.88,0.5397
2026-06-21T07:56:19.876797,0.0,35.88,0.5397
2026-06-21T07:56:19.878524,0.0,35.88,0.5397
2026-06-21T07:56:19.880227,0.0,35.88,0.5397
2026-06-21T07:56:19.882045,0.0,35.88,0.5397
2026-06-21T07:56:19.883863,0.0,35.88,0.5397
2026-06-21T07:56:19.885904,0.0,35.88,0.5397
2026-06-21T07:56:19.887683,0.0,35.88,0.5397
2026-06-21T07:56:19.889291,0.0,35.88,0.5397
2026-06-21T07:56:19.891212,0.0,35.88,0.5397
2026-06-21T07:56:19.893220,0.0,35.88,0.5397
2026-06-21T07:56:19.894938,0.0,35.88,0.5397
2026-06-21T07:56:19.896664,0.0,35.88,0.5397
2026-06-21T07:56:19.898598,0.0,35.88,0.5397
2026-06-21T07:56:19.901992,0.0,35.88,0.5397
2026-06-21T07:56:19.903958,0.0,35.88,0.5397
2026-06-21T07:56:19.905675,0.0,35.88,0.5397
2026-06-21T07:56:19.907460,0.0,35.88,0.5397
2026-06-21T07:56:19.909668,0.0,35.88,0.5397
2026-06-21T07:56:19.911520,0.0,35.88,0.5397
2026-06-21T07:56:19.913220,0.0,35.88,0.5397
2026-06-21T07:56:19.915061,0.0,35.88,0.5397
2026-06-21T07:56:19.917019,0.0,35.88,0.5397
2026-06-21T07:56:19.918999,0.0,35.88,0.5397
2026-06-21T07:56:19.920756,0.0,35.88,0.5397
2026-06-21T07:56:19.922379,0.0,35.88,0.5397
2026-06-21T07:56:19.924255,0.0,35.88,0.5397
2026-06-21T07:56:19.926384,0.0,35.88,0.5397
2026-06-21T07:56:19.928103,0.0,35.88,0.5397
2026-06-21T07:56:19.929824,0.0,35.88,0.5397
2026-06-21T07:56:19.931561,0.0,35.88,0.5397
2026-06-21T07:56:19.933322,0.0,35.88,0.5397
2026-06-21T07:56:19.935680,0.0,35.88,0.5397
2026-06-21T07:56:19.937684,0.0,35.88,0.5397
2026-06-21T07:56:19.939995,0.0,35.88,0.5397
2026-06-21T07:56:19.943026,0.0,35.88,0.5397
2026-06-21T07:56:19.945277,0.0,35.88,0.5397
2026-06-21T07:56:19.947497,0.0,35.88,0.5397
2026-06-21T07:56:19.949531,0.0,35.88,0.5397
2026-06-21T07:56:19.952004,0.0,35.88,0.5397
2026-06-21T07:56:19.954008,0.0,35.88,0.5397
2026-06-21T07:56:19.956047,0.0,35.88,0.5397
2026-06-21T07:56:19.958065,0.0,35.88,0.5397
2026-06-21T07:56:19.960408,0.0,35.88,0.5397
2026-06-21T07:56:19.962410,0.0,35.88,0.5397
2026-06-21T07:56:19.964293,0.0,35.88,0.5397
2026-06-21T07:56:19.966538,0.0,35.88,0.5397
2026-06-21T07:56:19.968970,0.0,35.88,0.5397
2026-06-21T07:56:19.970854,0.0,35.88,0.5397
2026-06-21T07:56:19.972521,0.0,35.88,0.5397
2026-06-21T07:56:19.974405,0.0,35.88,0.5397
2026-06-21T07:56:19.976578,0.0,35.88,0.5397
2026-06-21T07:56:19.978405,0.0,35.88,0.5397
2026-06-21T07:56:19.980125,0.0,35.88,0.5397
2026-06-21T07:56:19.981862,0.0,35.88,0.5397
2026-06-21T07:56:19.983722,0.0,35.88,0.5397
2026-06-21T07:56:19.985872,0.0,35.88,0.5397
2026-06-21T07:56:19.987638,0.0,35.88,0.5397
2026-06-21T07:56:19.989261,0.0,35.88,0.5397
2026-06-21T07:56:19.991340,0.0,35.88,0.5397
2026-06-21T07:56:19.993492,0.0,35.88,0.5397
2026-06-21T07:56:19.995325,0.0,35.88,0.5397
2026-06-21T07:56:19.997084,0.0,35.88,0.5397
2026-06-21T07:56:19.998802,0.0,35.88,0.5397
2026-06-21T07:56:20.000745,0.0,35.88,0.5397
2026-06-21T07:56:20.003016,0.0,35.88,0.5397
2026-06-21T07:56:20.004620,0.0,35.88,0.5397
2026-06-21T07:56:20.006468,0.0,35.88,0.5397
2026-06-21T07:56:20.008468,0.0,35.88,0.5397
2026-06-21T07:56:20.010280,0.0,35.88,0.5397
2026-06-21T07:56:20.011928,0.0,35.88,0.5397
2026-06-21T07:56:20.013665,0.0,35.88,0.5397
2026-06-21T07:56:20.015460,0.0,35.88,0.5397
2026-06-21T07:56:20.017417,0.0,35.88,0.5397
2026-06-21T07:56:20.019509,0.0,35.88,0.5397
2026-06-21T07:56:20.021427,0.0,35.88,0.5397
2026-06-21T07:56:20.023215,0.0,35.88,0.5397
2026-06-21T07:56:20.025282,0.0,35.88,0.5397
2026-06-21T07:56:20.027109,0.0,35.88,0.5397
2026-06-21T07:56:20.028766,0.0,35.88,0.5397
2026-06-21T07:56:20.030501,0.0,35.88,0.5397
2026-06-21T07:56:20.032810,0.0,35.88,0.5397
2026-06-21T07:56:20.035122,0.0,35.88,0.5397
2026-06-21T07:56:20.036975,0.0,35.88,0.5397
2026-06-21T07:56:20.038756,0.0,35.88,0.5397
2026-06-21T07:56:20.040651,0.0,35.88,0.5397
2026-06-21T07:56:20.042879,0.0,35.88,0.5397
2026-06-21T07:56:20.044715,0.0,35.88,0.5397
2026-06-21T07:56:20.046672,0.0,35.88,0.5397
2026-06-21T07:56:20.048432,0.0,35.88,0.5397
2026-06-21T07:56:20.050682,0.0,35.88,0.5397
2026-06-21T07:56:20.052797,0.0,35.88,0.5397
2026-06-21T07:56:20.054479,0.0,35.88,0.5397
2026-06-21T07:56:20.056201,0.0,35.88,0.5397
2026-06-21T07:56:20.058019,0.0,35.88,0.5397
2026-06-21T07:56:20.060096,0.0,35.88,0.5397
2026-06-21T07:56:20.061907,0.0,35.88,0.5397
2026-06-21T07:56:20.063746,0.0,35.88,0.5397
2026-06-21T07:56:20.065539,0.0,35.88,0.5397
2026-06-21T07:56:20.067696,0.0,35.88,0.5397
2026-06-21T07:56:20.069550,0.0,35.88,0.5397
2026-06-21T07:56:20.071113,0.0,35.88,0.5397
2026-06-21T07:56:20.072849,0.0,35.88,0.5397
2026-06-21T07:56:20.074666,0.0,35.88,0.5397
2026-06-21T07:56:20.076960,0.0,35.88,0.5397
2026-06-21T07:56:20.078767,0.0,35.88,0.5397
2026-06-21T07:56:20.080538,0.0,35.88,0.5397
2026-06-21T07:56:20.082373,0.0,35.88,0.5397
2026-06-21T07:56:20.084046,0.0,35.88,0.5397
2026-06-21T07:56:20.086218,0.0,35.88,0.5397
2026-06-21T07:56:20.087880,0.0,35.88,0.5397
2026-06-21T07:56:20.089493,0.0,35.88,0.5397
2026-06-21T07:56:20.091186,0.0,35.88,0.5397
2026-06-21T07:56:20.093536,0.0,35.88,0.5397
2026-06-21T07:56:20.095350,0.0,35.88,0.5397
2026-06-21T07:56:20.097232,0.0,35.88,0.5397
2026-06-21T07:56:20.099192,0.0,35.88,0.5397
2026-06-21T07:56:20.100915,0.0,35.88,0.5397
2026-06-21T07:56:20.103147,0.0,35.88,0.5397
2026-06-21T07:56:20.104893,0.0,35.88,0.5397
2026-06-21T07:56:20.106606,0.0,35.88,0.5397
2026-06-21T07:56:20.108599,0.0,35.88,0.5397
2026-06-21T07:56:20.110776,0.0,35.88,0.5397
2026-06-21T07:56:20.112448,0.0,35.88,0.5397
2026-06-21T07:56:20.114258,0.0,35.88,0.5397
2026-06-21T07:56:20.116105,0.0,35.88,0.5397
2026-06-21T07:56:20.118072,0.0,35.88,0.5397
2026-06-21T07:56:20.119829,0.0,35.88,0.5397
2026-06-21T07:56:20.121558,0.0,35.88,0.5397
2026-06-21T07:56:20.123349,0.0,35.88,0.5397
2026-06-21T07:56:20.125194,0.0,35.88,0.5397
2026-06-21T07:56:20.127473,0.0,35.88,0.5397
2026-06-21T07:56:20.129171,0.0,35.88,0.5397
2026-06-21T07:56:20.130873,0.0,35.88,0.5397
2026-06-21T07:56:20.132655,0.0,35.88,0.5397
2026-06-21T07:56:20.134723,0.0,35.88,0.5397
2026-06-21T07:56:20.137026,0.0,35.88,0.5397
2026-06-21T07:56:20.138726,0.0,35.88,0.5397
2026-06-21T07:56:20.140421,0.0,35.88,0.5397
2026-06-21T07:56:20.142410,0.0,35.88,0.5397
2026-06-21T07:56:20.144381,0.0,35.88,0.5397
2026-06-21T07:56:20.145925,0.0,35.88,0.5397
2026-06-21T07:56:20.147737,0.0,35.88,0.5397
2026-06-21T07:56:20.149693,0.0,35.88,0.5397
2026-06-21T07:56:20.151914,0.0,35.88,0.5397
2026-06-21T07:56:20.153932,0.0,35.88,0.5397
2026-06-21T07:56:20.155768,0.0,35.88,0.5397
2026-06-21T07:56:20.157593,0.0,35.88,0.5397
2026-06-21T07:56:20.164934,0.0,35.88,0.5397
2026-06-21T07:56:20.190176,0.0,35.88,0.5397
2026-06-21T07:56:20.193424,0.0,35.88,0.5397
2026-06-21T07:56:20.201452,0.0,35.88,0.5397
2026-06-21T07:56:20.203809,0.0,35.88,0.5397
2026-06-21T07:56:20.205549,0.0,35.88,0.5397
2026-06-21T07:56:20.207714,0.0,35.88,0.5397
2026-06-21T07:56:20.210029,0.0,35.88,0.5397
2026-06-21T07:56:20.211994,0.0,35.88,0.5397
2026-06-21T07:56:20.213816,0.0,35.88,0.5397
2026-06-21T07:56:20.215617,0.0,35.88,0.5397
2026-06-21T07:56:20.217524,0.0,35.88,0.5397
2026-06-21T07:56:20.219560,0.0,35.88,0.5397
2026-06-21T07:56:20.221141,0.0,35.88,0.5397
2026-06-21T07:56:20.223077,0.0,35.88,0.5397
2026-06-21T07:56:20.225187,0.0,35.88,0.5397
2026-06-21T07:56:20.227225,0.0,35.88,0.5397
2026-06-21T07:56:20.229123,0.0,35.88,0.5397
2026-06-21T07:56:20.230775,0.0,35.88,0.5397
2026-06-21T07:56:20.232493,0.0,35.88,0.5397
2026-06-21T07:56:20.234778,0.0,35.88,0.5397
2026-06-21T07:56:20.236545,0.0,35.88,0.5397
2026-06-21T07:56:20.238203,0.0,35.88,0.5397
2026-06-21T07:56:20.240121,0.0,35.88,0.5397
2026-06-21T07:56:20.241977,0.0,35.88,0.5397
2026-06-21T07:56:20.243855,0.0,35.88,0.5397
2026-06-21T07:56:20.245698,0.0,35.88,0.5397
2026-06-21T07:56:20.247516,0.0,35.88,0.5397
2026-06-21T07:56:20.249476,0.0,35.88,0.5397
2026-06-21T07:56:20.251693,0.0,35.88,0.5397
2026-06-21T07:56:20.253393,0.0,35.88,0.5397
2026-06-21T07:56:20.255044,0.0,35.88,0.5397
2026-06-21T07:56:20.256949,0.0,35.88,0.5397
2026-06-21T07:56:20.258838,0.0,35.88,0.5397
2026-06-21T07:56:20.260918,0.0,35.88,0.5397
2026-06-21T07:56:20.262823,0.0,35.88,0.5397
2026-06-21T07:56:20.264573,0.0,35.88,0.5397
2026-06-21T07:56:20.266316,0.0,35.88,0.5397
2026-06-21T07:56:20.268122,0.0,35.88,0.5397
2026-06-21T07:56:20.269796,0.0,35.88,0.5397
2026-06-21T07:56:20.271372,0.0,35.88,0.5397
2026-06-21T07:56:20.273130,0.0,35.88,0.5397
2026-06-21T07:56:20.275157,0.0,35.88,0.5397
2026-06-21T07:56:20.277168,0.0,35.88,0.5397
2026-06-21T07:56:20.279031,0.0,35.88,0.5397
2026-06-21T07:56:20.280814,0.0,35.88,0.5397
2026-06-21T07:56:20.282537,0.0,35.88,0.5397
2026-06-21T07:56:20.284657,0.0,35.88,0.5397
2026-06-21T07:56:20.286487,0.0,35.88,0.5397
2026-06-21T07:56:20.288124,0.0,35.88,0.5397
2026-06-21T07:56:20.289901,0.0,35.88,0.5397
2026-06-21T07:56:20.291749,0.0,35.88,0.5397
2026-06-21T07:56:20.293836,0.0,35.88,0.5397
2026-06-21T07:56:20.295507,0.0,35.88,0.5397
2026-06-21T07:56:20.297254,0.0,35.88,0.5397
2026-06-21T07:56:20.299057,0.0,35.88,0.5397
2026-06-21T07:56:20.301104,0.0,35.88,0.5397
2026-06-21T07:56:20.303059,0.0,35.88,0.5397
2026-06-21T07:56:20.305504,0.0,35.88,0.5397
2026-06-21T07:56:20.307559,0.0,35.88,0.5397
2026-06-21T07:56:20.311818,0.0,35.88,0.5397
2026-06-21T07:56:20.315028,0.0,35.88,0.5397
2026-06-21T07:56:20.317535,0.0,35.88,0.5397
2026-06-21T07:56:20.319956,0.0,35.88,0.5397
2026-06-21T07:56:20.322016,0.0,35.88,0.5397
2026-06-21T07:56:20.324066,0.0,35.88,0.5397
2026-06-21T07:56:20.326688,0.0,35.88,0.5397
2026-06-21T07:56:20.328617,0.0,35.88,0.5397
2026-06-21T07:56:20.331091,0.0,35.88,0.5397
2026-06-21T07:56:20.333154,0.0,35.88,0.5397
2026-06-21T07:56:20.335285,0.0,35.88,0.5397
2026-06-21T07:56:20.337112,0.0,35.88,0.5397
2026-06-21T07:56:20.338873,0.0,35.88,0.5397
2026-06-21T07:56:20.341401,0.0,35.88,0.5397
2026-06-21T07:56:20.343486,0.0,35.88,0.5397
2026-06-21T07:56:20.345252,0.0,35.88,0.5397
2026-06-21T07:56:20.346902,0.0,35.88,0.5397
2026-06-21T07:56:20.348735,0.0,35.88,0.5397
2026-06-21T07:56:20.350932,0.0,35.88,0.5397
2026-06-21T07:56:20.352723,0.0,35.88,0.5397
2026-06-21T07:56:20.354700,0.0,35.88,0.5397
2026-06-21T07:56:20.356467,0.0,35.88,0.5397
2026-06-21T07:56:20.358195,0.0,35.88,0.5397
2026-06-21T07:56:20.360322,0.0,35.88,0.5397
2026-06-21T07:56:20.362159,0.0,35.88,0.5397
2026-06-21T07:56:20.363813,0.0,35.88,0.5397
2026-06-21T07:56:20.365764,0.0,35.88,0.5397
2026-06-21T07:56:20.367676,0.0,35.88,0.5397
2026-06-21T07:56:20.369627,0.0,35.88,0.5397
2026-06-21T07:56:20.371375,0.0,35.88,0.5397
2026-06-21T07:56:20.373097,0.0,35.88,0.5397
2026-06-21T07:56:20.374846,0.0,35.88,0.5397
2026-06-21T07:56:20.376921,0.0,35.88,0.5397
2026-06-21T07:56:20.378722,0.0,35.88,0.5397
2026-06-21T07:56:20.380332,0.0,35.88,0.5397
2026-06-21T07:56:20.382167,0.0,35.88,0.5397
2026-06-21T07:56:20.384250,0.0,35.88,0.5397
2026-06-21T07:56:20.385935,0.0,35.88,0.5397
2026-06-21T07:56:20.387798,0.0,35.88,0.5397
2026-06-21T07:56:20.389609,0.0,35.88,0.5397
2026-06-21T07:56:20.391434,0.0,35.88,0.5397
2026-06-21T07:56:20.393656,0.0,35.88,0.5397
2026-06-21T07:56:20.395401,0.0,35.88,0.5397
2026-06-21T07:56:20.396996,0.0,35.88,0.5397
2026-06-21T07:56:20.398927,0.0,35.88,0.5397
2026-06-21T07:56:20.401219,0.0,35.88,0.5397
2026-06-21T07:56:20.402924,0.0,35.88,0.5397
2026-06-21T07:56:20.404796,0.0,35.88,0.5397
2026-06-21T07:56:20.406582,0.0,35.88,0.5397
2026-06-21T07:56:20.408368,0.0,35.88,0.5397
2026-06-21T07:56:20.410738,0.0,35.88,0.5397
2026-06-21T07:56:20.412452,0.0,35.88,0.5397
2026-06-21T07:56:20.414070,0.0,35.88,0.5397
2026-06-21T07:56:20.415919,0.0,35.88,0.5397
2026-06-21T07:56:20.417840,0.0,35.88,0.5397
2026-06-21T07:56:20.419921,0.0,35.88,0.5397
2026-06-21T07:56:20.421837,0.0,35.88,0.5397
2026-06-21T07:56:20.423589,0.0,35.88,0.5397
2026-06-21T07:56:20.425451,0.0,35.88,0.5397
2026-06-21T07:56:20.427457,0.0,35.88,0.5397
2026-06-21T07:56:20.429155,0.0,35.88,0.5397
2026-06-21T07:56:20.430812,0.0,35.88,0.5397
2026-06-21T07:56:20.432547,0.0,35.88,0.5397
2026-06-21T07:56:20.434765,0.0,35.88,0.5397
2026-06-21T07:56:20.436401,0.0,35.88,0.5397
2026-06-21T07:56:20.438115,0.0,35.88,0.5397
2026-06-21T07:56:20.439884,0.0,35.88,0.5397
2026-06-21T07:56:20.441581,0.0,35.88,0.5397
2026-06-21T07:56:20.443814,0.0,35.88,0.5397
2026-06-21T07:56:20.445669,0.0,35.88,0.5397
2026-06-21T07:56:20.447222,0.0,35.88,0.5397
2026-06-21T07:56:20.448918,0.0,35.88,0.5397
2026-06-21T07:56:20.451048,0.0,35.88,0.5397
2026-06-21T07:56:20.452742,0.0,35.88,0.5397
2026-06-21T07:56:20.454618,0.0,35.88,0.5397
2026-06-21T07:56:20.456334,0.0,35.88,0.5397
2026-06-21T07:56:20.457981,0.0,35.88,0.5397
2026-06-21T07:56:20.460005,0.0,35.88,0.5397
2026-06-21T07:56:20.461723,0.0,35.88,0.5397
2026-06-21T07:56:20.463319,0.0,35.88,0.5397
2026-06-21T07:56:20.465369,0.0,35.88,0.5397
2026-06-21T07:56:20.467156,0.0,35.88,0.5397
2026-06-21T07:56:20.469083,0.0,35.88,0.5397
2026-06-21T07:56:20.470813,0.0,35.88,0.5397
2026-06-21T07:56:20.472597,0.0,35.88,0.5397
2026-06-21T07:56:20.474316,0.0,35.88,0.5397
2026-06-21T07:56:20.476566,0.0,35.88,0.5397
2026-06-21T07:56:20.478339,0.0,35.88,0.5397
2026-06-21T07:56:20.479977,0.0,35.88,0.5397
2026-06-21T07:56:20.481919,0.0,35.7,0.5397
2026-06-21T07:56:20.483854,0.0,35.97,0.5397
2026-06-21T07:56:20.486032,0.0,35.97,0.5397
2026-06-21T07:56:20.569901,0.0,36.06,0.5397
2026-06-21T07:56:21.581469,0.0,36.26,0.5397
2026-06-21T07:56:22.580236,0.0,36.15,0.5373
2026-06-21T07:56:23.583522,0.0,36.18,0.5373
2026-06-21T07:56:24.582285,0.0,36.16,0.5373
2026-06-21T07:56:25.581718,0.0,36.33,0.5373
2026-06-21T07:56:26.580959,0.0,36.21,0.5373
2026-06-21T07:56:27.580702,0.0,36.3,0.5397
2026-06-21T07:56:28.579430,0.0,36.07,0.5397
2026-06-21T07:56:29.578070,0.0,36.44,0.5397
2026-06-21T07:56:30.582562,0.0,36.16,0.5397
2026-06-21T07:56:31.582771,0.0,36.45,0.5397
2026-06-21T07:56:32.582404,0.0,36.18,0.5397
2026-06-21T07:56:33.579376,0.0,36.03,0.5397
2026-06-21T07:56:34.578212,0.0,36.15,0.5397
2026-06-21T07:56:35.581748,0.0,36.27,0.5397
2026-06-21T07:56:36.580825,0.0,36.08,0.5397
2026-06-21T07:56:37.584135,0.0,36.33,0.5397
2026-06-21T07:56:38.579804,0.0,36.15,0.5397
2026-06-21T07:56:39.577161,0.0,36.19,0.5397
2026-06-21T07:56:40.578330,0.0,36.31,0.5397
2026-06-21T07:56:41.579224,0.0,36.25,0.5397
2026-06-21T07:56:42.578222,0.0,36.2,0.5397
2026-06-21T07:56:43.578385,0.0,36.29,0.5397
2026-06-21T07:56:44.578468,0.0,36.12,0.5397
2026-06-21T07:56:45.580593,0.0,36.38,0.5397
2026-06-21T07:56:46.578020,0.0,36.48,0.5397
2026-06-21T07:56:47.578830,0.0,36.35,0.5397
2026-06-21T07:56:48.579558,0.0,36.5,0.5397
2026-06-21T07:56:49.582746,0.0,36.42,0.5397
2026-06-21T07:56:50.581450,0.0,36.28,0.5397
2026-06-21T07:56:51.580269,0.0,36.47,0.5397
2026-06-21T07:56:52.581354,0.0,36.42,0.5397
2026-06-21T07:56:53.570005,0.0,36.19,0.5397
2026-06-21T07:56:54.573398,0.0,36.52,0.5397
2026-06-21T07:56:55.581065,0.0,36.1,0.5397
2026-06-21T07:56:56.570214,0.0,36.32,0.5397
2026-06-21T07:56:57.577530,0.0,36.27,0.5397
2026-06-21T07:56:58.582643,0.0,36.36,0.5397
2026-06-21T07:56:59.579371,0.0,36.17,0.5397
2026-06-21T07:57:00.579064,0.0,36.36,0.5397
2026-06-21T07:57:01.572587,0.0,36.39,0.5397
2026-06-21T07:57:02.578783,0.0,36.81,0.5397
2026-06-21T07:57:03.575702,0.0,36.99,0.5373
2026-06-21T07:57:04.577273,0.0,36.95,0.5373
2026-06-21T07:57:05.581253,0.0,36.86,0.5373
2026-06-21T07:57:06.577437,0.0,36.55,0.5373
2026-06-21T07:57:07.580747,0.0,36.03,0.5397
2026-06-21T07:57:08.578405,0.0,35.78,0.5397
2026-06-21T07:57:09.569216,0.0,35.48,0.5397
2026-06-21T07:57:10.579365,0.0,35.04,0.5397
2026-06-21T07:57:11.568936,0.0,34.98,0.5397
2026-06-21T07:57:12.575350,0.0,35.63,0.5397
2026-06-21T07:57:13.569617,0.0,35.53,0.5397
2026-06-21T07:57:14.581916,0.0,35.74,0.5397
2026-06-21T07:57:15.578617,0.0,35.67,0.5397
2026-06-21T07:57:16.580447,0.0,35.65,0.5397
2026-06-21T07:57:17.579661,0.0,35.46,0.5397
2026-06-21T07:57:18.579300,0.0,35.33,0.5397
2026-06-21T07:57:19.577315,0.0,35.04,0.5397
2026-06-21T07:57:20.571846,0.0,35.16,0.5397
2026-06-21T07:57:21.579338,0.0,35.99,0.5397
2026-06-21T07:57:22.571866,0.0,36.12,0.5397
2026-06-21T07:57:23.578121,0.0,36.06,0.5373
2026-06-21T07:57:24.577540,0.0,35.72,0.5373
2026-06-21T07:57:25.571511,0.0,35.52,0.5373
2026-06-21T07:57:26.570855,0.0,35.37,0.5373
2026-06-21T07:57:27.568973,0.0,35.64,0.5373
2026-06-21T07:57:28.571770,0.0,35.6,0.5397
2026-06-21T07:57:29.581280,0.0,35.9,0.5397
2026-06-21T07:57:30.581811,0.0,35.85,0.5397
2026-06-21T07:57:31.579707,0.0,36.28,0.5397
2026-06-21T07:57:32.579418,0.0,36.6,0.5373
2026-06-21T07:57:33.576800,0.0,36.3,0.5373
2026-06-21T07:57:34.572920,0.0,36.24,0.5373
2026-06-21T07:57:35.577034,0.0,36.24,0.5373
2026-06-21T07:57:36.579527,0.0,35.66,0.5373
2026-06-21T07:57:37.580983,0.0,35.74,0.5397
2026-06-21T07:57:38.578976,0.0,35.26,0.5397
2026-06-21T07:57:39.579329,0.0,35.07,0.5397
2026-06-21T07:57:40.568367,0.0,34.68,0.5397
2026-06-21T07:57:41.571659,0.0,34.81,0.5397
2026-06-21T07:57:42.570444,0.0,34.56,0.5397
2026-06-21T07:57:43.573168,0.0,34.59,0.5397
2026-06-21T07:57:44.569374,0.0,34.44,0.5397
2026-06-21T07:57:45.576663,0.0,33.65,0.5397
2026-06-21T07:57:46.568841,0.0,33.77,0.5397
2026-06-21T07:57:47.568231,0.0,34.17,0.5397
2026-06-21T07:57:48.571910,0.0,34.42,0.5397
2026-06-21T07:57:49.569669,0.0,34.45,0.5397
2026-06-21T07:57:50.579723,0.0,35.15,0.5397
2026-06-21T07:57:51.579453,0.0,34.88,0.5373
2026-06-21T07:57:52.568356,0.0,35.66,0.5373
2026-06-21T07:57:53.571703,0.0,36.25,0.535
2026-06-21T07:57:54.569109,0.0,36.67,0.535
2026-06-21T07:57:55.576538,0.0,36.86,0.535
2026-06-21T07:57:56.570437,0.0,37.06,0.535
2026-06-21T07:57:57.568613,0.0,36.75,0.535
2026-06-21T07:57:58.576864,0.0,37.02,0.535
2026-06-21T07:57:59.579471,0.0,37.65,0.535
2026-06-21T07:58:00.577205,0.0,37.44,0.535
2026-06-21T07:58:01.577991,0.0,37.68,0.535
2026-06-21T07:58:02.571314,0.0,36.9,0.5373
2026-06-21T07:58:03.569784,0.0,36.37,0.5397
2026-06-21T07:58:04.577923,0.0,36.01,0.5397
2026-06-21T07:58:05.578824,0.0,35.65,0.5397
2026-06-21T07:58:06.578943,0.0,35.53,0.5397
2026-06-21T07:58:07.573101,0.0,35.13,0.5397
2026-06-21T07:58:08.577150,0.0,34.85,0.5397
2026-06-21T07:58:09.580299,0.0,34.49,0.5397
2026-06-21T07:58:10.579198,0.0,34.4,0.5397
2026-06-21T07:58:11.569669,0.0,34.32,0.5397
2026-06-21T07:58:12.570838,0.0,33.88,0.5397
2026-06-21T07:58:13.579128,0.0,33.57,0.5397
2026-06-21T07:58:14.572258,0.0,33.53,0.5397
2026-06-21T07:58:15.571619,0.0,33.4,0.5397
2026-06-21T07:58:16.569920,0.0,33.33,0.5397
2026-06-21T07:58:17.600482,0.0,33.33,0.5397
2026-06-21T07:58:18.580597,0.0,33.27,0.5397
2026-06-21T07:58:19.578885,0.0,33.28,0.5397
2026-06-21T07:58:20.582357,0.0,33.0,0.5397
2026-06-21T07:58:21.579483,0.0,32.96,0.5397
2026-06-21T07:58:22.578998,0.0,32.84,0.5397
2026-06-21T07:58:23.578111,0.0,32.79,0.5397
2026-06-21T07:58:24.579943,0.0,32.67,0.5397
2026-06-21T07:58:25.573655,0.0,32.49,0.5397
2026-06-21T07:58:26.577958,0.0,32.37,0.5397
2026-06-21T07:58:27.571095,0.0,32.34,0.5397
2026-06-21T07:58:28.575614,0.0,32.22,0.5397
2026-06-21T07:58:29.576891,0.0,32.04,0.5397
2026-06-21T07:58:30.577398,0.0,31.95,0.5397
2026-06-21T07:58:31.576874,0.0,31.75,0.5397
2026-06-21T07:58:32.576856,0.0,31.75,0.5397
2026-06-21T07:58:33.576695,0.0,31.64,0.5397
2026-06-21T07:58:34.577366,0.0,31.63,0.5397
2026-06-21T07:58:35.578580,0.0,31.37,0.5397
2026-06-21T07:58:36.574232,0.0,31.22,0.5397
2026-06-21T07:58:37.577595,0.0,31.1,0.5397
2026-06-21T07:58:38.577278,0.0,31.1,0.5397
2026-06-21T07:58:39.577126,0.0,31.1,0.5397
2026-06-21T07:58:40.579335,0.0,30.97,0.5397
2026-06-21T07:58:41.578921,0.0,30.68,0.5397
2026-06-21T07:58:42.577013,0.0,30.47,0.5397
2026-06-21T07:58:43.577240,0.0,30.44,0.5397
2026-06-21T07:58:44.576716,0.0,30.33,0.5397
2026-06-21T07:58:45.579451,0.0,30.18,0.5397
2026-06-21T07:58:46.577886,0.0,30.1,0.5397
2026-06-21T07:58:47.577841,0.0,30.17,0.5397
2026-06-21T07:58:48.575668,0.0,30.05,0.5397
2026-06-21T07:58:49.576869,0.0,29.94,0.5397
2026-06-21T07:58:50.577526,0.0,29.95,0.5397
2026-06-21T07:58:51.574992,0.0,29.83,0.5397
2026-06-21T07:58:52.576420,0.0,29.74,0.5397
2026-06-21T07:58:53.577321,0.0,29.75,0.5397
2026-06-21T07:58:54.577011,0.0,29.72,0.5397
2026-06-21T07:58:55.576004,0.0,29.67,0.5397
2026-06-21T07:58:56.575354,0.0,29.43,0.5397
2026-06-21T07:58:57.577468,0.0,29.42,0.5397
2026-06-21T07:58:58.578984,0.0,29.37,0.5397
2026-06-21T07:58:59.577285,0.0,29.33,0.5397
2026-06-21T07:59:00.577901,0.0,29.25,0.5397
2026-06-21T07:59:01.574885,0.0,29.22,0.5397
2026-06-21T07:59:02.577011,0.0,29.14,0.5397
2026-06-21T07:59:03.577004,0.0,29.01,0.5397
2026-06-21T07:59:04.577143,0.0,28.96,0.5397
2026-06-21T07:59:05.576263,0.0,28.88,0.5397
2026-06-21T07:59:06.577658,0.0,28.79,0.5397
2026-06-21T07:59:07.576768,0.0,28.82,0.5397
2026-06-21T07:59:08.577230,0.0,28.78,0.5397
2026-06-21T07:59:09.575985,0.0,28.8,0.5397
2026-06-21T07:59:10.578579,0.0,28.71,0.5397
2026-06-21T07:59:11.575565,0.0,28.76,0.5397
2026-06-21T07:59:12.577243,0.0,28.73,0.5397
2026-06-21T07:59:13.578308,0.0,28.7,0.5397
2026-06-21T07:59:14.577753,0.0,28.64,0.5397
2026-06-21T07:59:15.575833,0.0,28.6,0.5397
2026-06-21T07:59:16.576704,0.0,28.61,0.5397
2026-06-21T07:59:17.576492,0.0,28.5,0.5397
2026-06-21T07:59:18.577865,0.0,28.37,0.5397
2026-06-21T07:59:19.575865,0.0,28.44,0.5397
2026-06-21T07:59:20.577232,0.0,28.38,0.5397
2026-06-21T07:59:21.576370,0.0,28.3,0.5397
2026-06-21T07:59:22.576216,0.0,28.22,0.5397
2026-06-21T07:59:23.576205,0.0,28.24,0.5397
2026-06-21T07:59:24.576679,0.0,28.23,0.5397
2026-06-21T07:59:25.578693,0.0,28.05,0.5397
2026-06-21T07:59:26.576509,0.0,27.98,0.5397
2026-06-21T07:59:27.578950,0.0,28.01,0.5397
2026-06-21T07:59:28.577346,0.0,27.85,0.5397
2026-06-21T07:59:29.575904,0.0,27.74,0.5397
2026-06-21T07:59:30.575741,0.0,27.69,0.5397
2026-06-21T07:59:31.576295,0.0,27.59,0.5397
2026-06-21T07:59:32.577186,0.0,27.54,0.5397
2026-06-21T07:59:33.576488,0.0,27.56,0.5397
2026-06-21T07:59:34.577158,0.0,27.42,0.5397
2026-06-21T07:59:35.575972,0.0,27.44,0.5397
2026-06-21T07:59:36.576037,0.0,27.3,0.5397
2026-06-21T07:59:37.575505,0.0,27.36,0.5397
2026-06-21T07:59:38.575041,0.0,27.42,0.5397
2026-06-21T07:59:39.577181,0.0,27.23,0.5397
2026-06-21T07:59:40.576441,0.0,27.23,0.5397
2026-06-21T07:59:41.575320,0.0,27.08,0.5397
2026-06-21T07:59:42.578244,0.0,27.13,0.5397
2026-06-21T07:59:43.575162,0.0,27.1,0.5397
2026-06-21T07:59:44.575009,0.0,27.1,0.5397
2026-06-21T07:59:45.575774,0.0,27.0,0.5397
2026-06-21T07:59:46.577251,0.0,27.05,0.5397
2026-06-21T07:59:47.574130,0.0,27.13,0.5397
2026-06-21T07:59:48.574904,0.0,27.04,0.5397
2026-06-21T07:59:49.575399,0.0,26.87,0.5397
2026-06-21T07:59:50.575928,0.0,26.74,0.5397
2026-06-21T07:59:51.576652,0.0,26.72,0.5397
2026-06-21T07:59:52.578404,0.0,26.63,0.5397
2026-06-21T07:59:53.574352,0.0,26.49,0.5397
2026-06-21T07:59:54.575837,0.0,26.43,0.5397
2026-06-21T07:59:55.575482,0.0,26.43,0.5397
2026-06-21T07:59:56.574581,0.0,26.36,0.5397
2026-06-21T07:59:57.574934,0.0,26.26,0.5397
2026-06-21T07:59:58.574476,0.0,26.19,0.5397
2026-06-21T07:59:59.575666,0.0,26.15,0.5397
2026-06-21T08:00:00.575670,0.0,26.1,0.5397
2026-06-21T08:00:01.581227,0.0,26.14,0.5397
2026-06-21T08:00:02.575941,0.0,25.99,0.5397
2026-06-21T08:00:03.575376,0.0,25.91,0.5397
2026-06-21T08:00:04.574440,0.0,26.03,0.5397
2026-06-21T08:00:05.575101,0.0,25.92,0.5397
2026-06-21T08:00:06.621033,0.0,26.03,0.5397
2026-06-21T08:00:07.576400,0.0,25.89,0.5397
2026-06-21T08:00:08.575444,0.0,25.95,0.5397
2026-06-21T08:00:09.574510,0.0,25.99,0.5397
2026-06-21T08:00:10.578110,0.0,25.94,0.5397
2026-06-21T08:00:11.574446,0.0,25.92,0.5397
2026-06-21T08:00:12.574365,0.0,26.01,0.5397
2026-06-21T08:00:13.575574,0.0,25.86,0.5397
2026-06-21T08:00:14.572098,0.0,25.97,0.5397
2026-06-21T08:00:15.568453,0.0,25.71,0.5397
2026-06-21T08:00:16.571255,0.0,25.68,0.5397
2026-06-21T08:00:17.573496,0.0,25.78,0.5397
2026-06-21T08:00:18.572341,0.0,25.78,0.5397
2026-06-21T08:00:19.573478,0.0,25.71,0.5397
2026-06-21T08:00:20.573791,0.0,25.71,0.5397
2026-06-21T08:00:21.575292,0.0,25.69,0.5397
2026-06-21T08:00:22.570194,0.0,25.6,0.5397
2026-06-21T08:00:23.567120,0.0,25.6,0.5397
2026-06-21T08:00:24.574176,0.0,25.64,0.5397
2026-06-21T08:00:25.575375,0.0,25.44,0.5397
2026-06-21T08:00:26.566824,0.0,25.59,0.5397
2026-06-21T08:00:27.566599,0.0,25.56,0.5397
2026-06-21T08:00:28.565163,0.0,25.47,0.5397
2026-06-21T08:00:29.566561,0.0,25.52,0.5397
2026-06-21T08:00:30.565033,0.0,25.44,0.5397
2026-06-21T08:00:31.566234,0.0,25.2,0.5397
2026-06-21T08:00:32.564894,0.0,25.25,0.5397
2026-06-21T08:00:33.575449,0.0,25.2,0.5397
2026-06-21T08:00:34.573561,0.0,25.04,0.5397
2026-06-21T08:00:35.574937,0.0,25.04,0.5397
2026-06-21T08:00:36.574351,0.0,25.02,0.5397
2026-06-21T08:00:37.564117,0.0,25.11,0.5397
2026-06-21T08:00:38.563878,0.0,25.04,0.5397
2026-06-21T08:00:39.566268,0.0,24.98,0.5397
2026-06-21T08:00:40.571525,0.0,24.93,0.5397
2026-06-21T08:00:41.565162,0.0,25.05,0.5397
2026-06-21T08:00:42.566208,0.0,24.86,0.5397
2026-06-21T08:00:43.574438,0.0,24.84,0.5397
2026-06-21T08:00:44.572605,0.0,24.93,0.5397
2026-06-21T08:00:45.573638,0.0,24.83,0.5397
2026-06-21T08:00:46.574104,0.0,24.99,0.5397
2026-06-21T08:00:47.573147,0.0,24.82,0.5397
2026-06-21T08:00:48.574649,0.0,24.89,0.5397
2026-06-21T08:00:49.566260,0.0,24.83,0.5397
2026-06-21T08:00:50.563750,0.0,24.81,0.5397
2026-06-21T08:00:51.567688,0.0,24.85,0.5397
2026-06-21T08:00:52.567006,0.0,24.69,0.5397
2026-06-21T08:00:53.572132,0.0,24.68,0.5397
2026-06-21T08:00:54.564413,0.0,24.72,0.5397
2026-06-21T08:00:55.573712,0.0,24.69,0.5397
2026-06-21T08:00:56.573604,0.0,24.63,0.5397
2026-06-21T08:00:57.573533,0.0,24.64,0.5397
2026-06-21T08:00:58.571166,0.0,24.66,0.5397
2026-06-21T08:00:59.568067,0.0,24.75,0.5397
2026-06-21T08:01:00.570453,0.0,24.66,0.5397
2026-06-21T08:01:01.561701,0.0,24.51,0.5397
2026-06-21T08:01:02.565010,0.0,24.77,0.5397
2026-06-21T08:01:03.565676,0.0,24.63,0.5397
2026-06-21T08:01:04.564987,0.0,24.58,0.5397
2026-06-21T08:01:05.573649,0.0,24.65,0.5397
2026-06-21T08:01:06.573493,0.0,24.64,0.5397
2026-06-21T08:01:07.566300,0.0,24.59,0.5397
2026-06-21T08:01:08.573668,0.0,24.56,0.5397
2026-06-21T08:01:09.573931,0.0,24.57,0.5397
2026-06-21T08:01:10.568310,0.0,24.56,0.5397
2026-06-21T08:01:11.565550,0.0,24.57,0.5397
2026-06-21T08:01:12.566068,0.0,24.62,0.5397
2026-06-21T08:01:13.575091,0.0,24.68,0.5397
2026-06-21T08:01:14.563190,0.0,24.44,0.5397
2026-06-21T08:01:15.573367,0.0,24.47,0.5397
2026-06-21T08:01:16.568489,0.0,24.42,0.5397
2026-06-21T08:01:17.564315,0.0,24.4,0.5397
2026-06-21T08:01:18.565203,0.0,24.52,0.5397
2026-06-21T08:01:19.574886,0.0,24.51,0.5397
2026-06-21T08:01:20.573944,0.0,24.53,0.5397
2026-06-21T08:01:21.567427,0.0,24.43,0.5397
2026-06-21T08:01:22.564654,0.0,24.43,0.5397
2026-06-21T08:01:23.574277,0.0,24.37,0.5397
2026-06-21T08:01:41.668471,0.0,23.99,0.5397
2026-06-21T08:01:42.573106,0.0,23.85,0.5397
2026-06-21T08:01:43.572591,0.0,23.83,0.5397
2026-06-21T08:01:44.571938,0.0,23.87,0.5397
2026-06-21T08:01:45.573762,0.0,23.9,0.5397
2026-06-21T08:01:46.573847,0.0,23.67,0.5397
2026-06-21T08:01:47.570249,0.0,23.71,0.5397
2026-06-21T08:01:48.564470,0.0,23.72,0.5397
2026-06-21T08:01:49.569419,0.0,23.8,0.5397
2026-06-21T08:01:50.569208,0.0,23.7,0.5397
2026-06-21T08:01:51.568673,0.0,23.74,0.5397
2026-06-21T08:01:52.571604,0.0,23.76,0.5397
2026-06-21T08:01:53.569156,0.0,23.81,0.5397
2026-06-21T08:01:54.572488,0.0,23.77,0.5397
2026-06-21T08:01:55.570339,0.0,23.81,0.5397
2026-06-21T08:01:56.569831,0.0,23.78,0.5397
2026-06-21T08:01:57.571742,0.0,23.77,0.5397
2026-06-21T08:01:58.573676,0.0,23.59,0.5397
2026-06-21T08:01:59.572067,0.0,23.72,0.5397
2026-06-21T08:02:00.570395,0.0,23.6,0.5397
2026-06-21T08:02:01.571981,0.0,23.64,0.5397
2026-06-21T08:02:02.572734,0.0,23.58,0.5397
2026-06-21T08:02:03.572998,0.0,23.69,0.5397
2026-06-21T08:02:04.571430,0.0,23.65,0.5397
2026-06-21T08:02:05.569814,0.0,23.78,0.5397
2026-06-21T08:02:06.567765,0.0,23.68,0.5397
2026-06-21T08:02:07.572400,0.0,23.61,0.5397
2026-06-21T08:02:08.570056,0.0,23.65,0.5397
2026-06-21T08:02:09.568835,0.0,23.66,0.5397
2026-06-21T08:02:10.568309,0.0,23.63,0.5397
2026-06-21T08:02:11.572232,0.0,23.5,0.5397
2026-06-21T08:02:12.569903,0.0,23.6,0.5397
2026-06-21T08:02:13.570799,0.0,23.57,0.5397
2026-06-21T08:02:14.567209,0.0,23.57,0.5397
2026-06-21T08:02:15.573634,0.0,23.53,0.5397
2026-06-21T08:02:16.571175,0.0,23.47,0.5397
2026-06-21T08:02:17.571757,0.0,23.4,0.5397
2026-06-21T08:02:18.571341,0.0,23.47,0.5397
2026-06-21T08:02:19.569440,0.0,23.49,0.5397
2026-06-21T08:02:20.571821,0.0,23.5,0.5397
2026-06-21T08:02:21.573386,0.0,23.37,0.5397
2026-06-21T08:02:22.573192,0.0,23.33,0.5397
2026-06-21T08:02:23.561404,0.0,23.37,0.5397
2026-06-21T08:02:24.571160,0.0,23.45,0.5397
2026-06-21T08:02:25.562794,0.0,23.49,0.5397
2026-06-21T08:02:26.564100,0.0,23.47,0.5397
2026-06-21T08:02:27.561501,0.0,23.42,0.5397
2026-06-21T08:02:28.563548,0.0,23.44,0.5397
2026-06-21T08:02:29.564660,0.0,23.33,0.5397
2026-06-21T08:02:30.572651,0.0,23.19,0.5397
2026-06-21T08:02:31.571218,0.0,23.35,0.5397
2026-06-21T08:02:32.573053,0.0,23.27,0.5397
2026-06-21T08:02:33.573418,0.0,23.42,0.5397
2026-06-21T08:02:34.571808,0.0,23.35,0.5397
2026-06-21T08:02:35.573016,0.0,23.29,0.5397
2026-06-21T08:02:36.564354,0.0,23.14,0.5397
2026-06-21T08:02:37.571720,0.0,23.17,0.5397
